<?xml version="1.0" encoding="UTF-8"?>
<assessmentItem xmlns="http://www.imsglobal.org/xsd/imsqti_v2p2" xmlns:m="http://www.w3.org/1998/Math/MathML" xmlns:xsi="http://www.w3.org/2001/XMLSchema-instance" xsi:schemaLocation="http://www.imsglobal.org/xsd/imsqti_v2p2 http://www.imsglobal.org/xsd/qti/qtiv2p2/imsqti_v2p2.xsd" identifier="i6011423ba1e83975c19a3f96e48f662" title="Question 18" label="Question 18" xml:lang="fr-FR" adaptive="false" timeDependent="false" toolName="TAO" toolVersion="2022.11">
  <responseDeclaration identifier="RESPONSE" cardinality="multiple" baseType="identifier">
    <correctResponse>
      <value><![CDATA[choice_3]]></value>
    </correctResponse>
    <mapping defaultValue="0">
      <mapEntry mapKey="choice_1" mappedValue="-1"/>
      <mapEntry mapKey="choice_2" mappedValue="-1"/>
      <mapEntry mapKey="choice_3" mappedValue="3"/>
      <mapEntry mapKey="choice_4" mappedValue="-1"/>
    </mapping>
  </responseDeclaration>
  <outcomeDeclaration identifier="SCORE" cardinality="single" baseType="float" normalMaximum="3"/>
  <outcomeDeclaration identifier="MAXSCORE" cardinality="single" baseType="float">
    <defaultValue>
      <value>3</value>
    </defaultValue>
  </outcomeDeclaration>
  <itemBody>
    <div class="grid-row">
      <div class="col-12">
        <choiceInteraction responseIdentifier="RESPONSE" shuffle="true" maxChoices="1" minChoices="0" orientation="vertical">
          <prompt>
            <div> </div>
            <strong>Imaginons qu'en tant que gestionnaire de dossiers d'un Team recouvrement, vous deviez évaluer si une notification de dettes ouvertes auprès de l'Administration générale de la Perception et du Recouvrement (AGPR) au notaire est possible. </strong>
            <div>
              <strong>Le notaire a mis l'AGPR (via l'avis 1) au courant le lundi 19/09/2022 que M. Bosch va vendre une habitation. </strong>
              <div>
                <strong>À ce moment-là, il y a à sa charge les dettes ouvertes suivantes :</strong>
              </div>
              <div>
                <strong>    • un accroissement d'impôt en matière d'impôt des personnes physiques qui a été repris dans un rôle en 2018 </strong>
              </div>
              <div>
                <strong>    • une amende pénale pour une condamnation le 14/02/2022 par le tribunal de police</strong>
              </div>
              <div> </div>
              <div>
                <strong>Laquelle/lesquelles de ces dettes pouvez-vous reprendre dans la notification au notaire ?</strong>
                <div> </div>
              </div>
            </div>
          </prompt>
          <simpleChoice identifier="choice_1" fixed="false" showHide="show">Uniquement l'accroissement d'impôt, pas l'amende pénale.</simpleChoice>
          <simpleChoice identifier="choice_2" fixed="false" showHide="show">Uniquement l'amende pénale, pas l'accroissement d'impôt.</simpleChoice>
          <simpleChoice identifier="choice_3" fixed="false" showHide="show">Aucune des deux créances, donc ni l'accroissement d'impôt, ni l'amende pénale.</simpleChoice>
          <simpleChoice identifier="choice_4" fixed="false" showHide="show">Les deux créances, donc tant l'accroissement d'impôt que l'amende pénale.</simpleChoice>
        </choiceInteraction>
      </div>
    </div>
  </itemBody>
  <responseProcessing template="http://www.imsglobal.org/question/qti_v2p2/rptemplates/map_response"/>
</assessmentItem>
