<?xml version="1.0" encoding="UTF-8"?>
<assessmentItem xmlns="http://www.imsglobal.org/xsd/imsqti_v2p2" xmlns:m="http://www.w3.org/1998/Math/MathML" xmlns:xsi="http://www.w3.org/2001/XMLSchema-instance" xsi:schemaLocation="http://www.imsglobal.org/xsd/imsqti_v2p2 http://www.imsglobal.org/xsd/qti/qtiv2p2/imsqti_v2p2.xsd" identifier="i6011423ba1e83975c19a3f96e48f662" title="Question 12" label="Question 12" xml:lang="fr-FR" adaptive="false" timeDependent="false" toolName="TAO" toolVersion="2022.11">
  <responseDeclaration identifier="RESPONSE" cardinality="multiple" baseType="identifier">
    <correctResponse>
      <value><![CDATA[choice_3]]></value>
    </correctResponse>
    <mapping defaultValue="0">
      <mapEntry mapKey="choice_1" mappedValue="-1"/>
      <mapEntry mapKey="choice_2" mappedValue="-1"/>
      <mapEntry mapKey="choice_3" mappedValue="3"/>
      <mapEntry mapKey="choice_4" mappedValue="-1"/>
    </mapping>
  </responseDeclaration>
  <outcomeDeclaration identifier="SCORE" cardinality="single" baseType="float" normalMaximum="3"/>
  <outcomeDeclaration identifier="MAXSCORE" cardinality="single" baseType="float">
    <defaultValue>
      <value>3</value>
    </defaultValue>
  </outcomeDeclaration>
  <itemBody>
    <div class="grid-row">
      <div class="col-12">
        <choiceInteraction responseIdentifier="RESPONSE" shuffle="true" maxChoices="1" minChoices="0" orientation="vertical">
          <prompt>Le défunt Hugh est un riche millionnaire qui, lors de son décès en 2022, a 10 enfants majeurs issus de 7 relations différentes. À son décès, il était toutefois célibataire ; il n'a pas rédigé de testament. Tous les héritiers ont accepté la succession purement et simplement, sauf sa fille aînée Marina. Marina vivait en désaccord avec son père depuis des années, elle a donc rejeté cette succession dans le délai et correctement. Marina a elle-même également 10 enfants majeurs. Ces enfants ont-ils droit à une part dans la succession de leur grand-père, et si oui, quelle est l'importance de cette part ?</prompt>
          <simpleChoice identifier="choice_1" fixed="false" showHide="show">Non, ils n'ont pas droit à une part dans cette succession.</simpleChoice>
          <simpleChoice identifier="choice_2" fixed="false" showHide="show">Oui, ils ont chacun droit à 1/10e de la succession.</simpleChoice>
          <simpleChoice identifier="choice_3" fixed="false" showHide="show">Oui, ils ont chacun droit à 1/100e de la succession.</simpleChoice>
          <simpleChoice identifier="choice_4" fixed="false" showHide="show">Oui, ils ont chacun droit à 1/19e da la succession.</simpleChoice>
        </choiceInteraction>
      </div>
    </div>
  </itemBody>
  <responseProcessing template="http://www.imsglobal.org/question/qti_v2p2/rptemplates/map_response"/>
</assessmentItem>
