<?xml version="1.0" encoding="UTF-8"?>
<assessmentItem xmlns="http://www.imsglobal.org/xsd/imsqti_v2p2" xmlns:m="http://www.w3.org/1998/Math/MathML" xmlns:xsi="http://www.w3.org/2001/XMLSchema-instance" xsi:schemaLocation="http://www.imsglobal.org/xsd/imsqti_v2p2 http://www.imsglobal.org/xsd/qti/qtiv2p2/imsqti_v2p2.xsd" identifier="i6011423ba1e83975c19a3f96e48f662" title="Question 34" label="Question 34" xml:lang="fr-FR" adaptive="false" timeDependent="false" toolName="TAO" toolVersion="2022.11">
  <responseDeclaration identifier="RESPONSE" cardinality="multiple" baseType="identifier">
    <correctResponse>
      <value><![CDATA[choice_2]]></value>
    </correctResponse>
    <mapping defaultValue="0">
      <mapEntry mapKey="choice_1" mappedValue="-1"/>
      <mapEntry mapKey="choice_2" mappedValue="3"/>
      <mapEntry mapKey="choice_3" mappedValue="-1"/>
      <mapEntry mapKey="choice_4" mappedValue="-1"/>
    </mapping>
  </responseDeclaration>
  <outcomeDeclaration identifier="SCORE" cardinality="single" baseType="float" normalMaximum="3"/>
  <outcomeDeclaration identifier="MAXSCORE" cardinality="single" baseType="float">
    <defaultValue>
      <value>3</value>
    </defaultValue>
  </outcomeDeclaration>
  <itemBody>
    <div class="grid-row">
      <div class="col-12">
        <choiceInteraction responseIdentifier="RESPONSE" shuffle="true" maxChoices="1" minChoices="0" orientation="vertical">
          <prompt>
            <div> </div>
            <strong>La société assujettie a introduit une réclamation valable contre une cotisation à l'impôt des sociétés.</strong>
            <div> </div>
            <div>
              <strong>Quelle conséquence a l'introduction de cette réclamation sur le cours de la prescription de cette cotisation ?</strong>
              <div> </div>
            </div>
          </prompt>
          <simpleChoice identifier="choice_1" fixed="false" showHide="show">L'introduction de la réclamation n'a aucune influence sur la prescription, le Conseiller-receveur veille, le cas échéant, à poser un acte interruptif de prescription au moment opportun.</simpleChoice>
          <simpleChoice identifier="choice_2" fixed="false" showHide="show">Par l'introduction de la réclamation, la prescription est suspendue pour l'entièreté de la cotisation.</simpleChoice>
          <simpleChoice identifier="choice_3" fixed="false" showHide="show">Par l'introduction de la réclamation, la prescription est suspendue pour la partie immédiatement due de la cotisation.</simpleChoice>
          <simpleChoice identifier="choice_4" fixed="false" showHide="show">Par l'introduction de la réclamation, la prescription est suspendue pour la partie de la cotisation qui dépasse la partie immédiatement due.</simpleChoice>
        </choiceInteraction>
      </div>
    </div>
  </itemBody>
  <responseProcessing template="http://www.imsglobal.org/question/qti_v2p2/rptemplates/map_response"/>
</assessmentItem>
