<?xml version="1.0" encoding="UTF-8"?>
<assessmentItem xmlns="http://www.imsglobal.org/xsd/imsqti_v2p2" xmlns:m="http://www.w3.org/1998/Math/MathML" xmlns:xsi="http://www.w3.org/2001/XMLSchema-instance" xsi:schemaLocation="http://www.imsglobal.org/xsd/imsqti_v2p2 http://www.imsglobal.org/xsd/qti/qtiv2p2/imsqti_v2p2.xsd" identifier="i6011423ba1e83975c19a3f96e48f662" title="Question 16" label="Question 16" xml:lang="fr-FR" adaptive="false" timeDependent="false" toolName="TAO" toolVersion="2022.11">
  <responseDeclaration identifier="RESPONSE" cardinality="multiple" baseType="identifier">
    <correctResponse>
      <value><![CDATA[choice_1]]></value>
    </correctResponse>
    <mapping defaultValue="0">
      <mapEntry mapKey="choice_1" mappedValue="3"/>
      <mapEntry mapKey="choice_2" mappedValue="-1"/>
      <mapEntry mapKey="choice_3" mappedValue="-1"/>
      <mapEntry mapKey="choice_4" mappedValue="-1"/>
    </mapping>
  </responseDeclaration>
  <outcomeDeclaration identifier="SCORE" cardinality="single" baseType="float" normalMaximum="3"/>
  <outcomeDeclaration identifier="MAXSCORE" cardinality="single" baseType="float">
    <defaultValue>
      <value>3</value>
    </defaultValue>
  </outcomeDeclaration>
  <itemBody>
    <div class="grid-row">
      <div class="col-12">
        <choiceInteraction responseIdentifier="RESPONSE" shuffle="true" maxChoices="1" minChoices="0" orientation="vertical">
          <prompt>
            <div> </div>
            <strong>Dans les huit jours ouvrables de la date d'envoi du deuxième avis du notaire, le receveur peut inscrire l'hypothèque légale du trésor sur le bien qui a fait l'objet de l'acte à concurrence des créances notifiées (articles 35 à 42 du Code du recouvrement amiable et forcé des créances fiscales et non fiscales (CRAF)).</strong>
            <div> </div>
            <div>
              <strong>Quelle est la conséquence d'une telle inscription ?</strong>
              <div> </div>
            </div>
          </prompt>
          <simpleChoice identifier="choice_1" fixed="false" showHide="show">Que l'acte passé par le notaire qui a fait l'objet de la notification, est inopposable au receveur.</simpleChoice>
          <simpleChoice identifier="choice_2" fixed="false" showHide="show">Que les montants notifiés reçoivent une priorité absolue sur toutes les hypothèques inscrites antérieurement.</simpleChoice>
          <simpleChoice identifier="choice_3" fixed="false" showHide="show">Que les montants notifiés seront payés avec les fonds dont le notaire dispose suite à l'acte.</simpleChoice>
          <simpleChoice identifier="choice_4" fixed="false" showHide="show">Que l'acte qui a fait l'objet de la notification est nul.</simpleChoice>
        </choiceInteraction>
      </div>
    </div>
  </itemBody>
  <responseProcessing template="http://www.imsglobal.org/question/qti_v2p2/rptemplates/map_response"/>
</assessmentItem>
