<?xml version="1.0" encoding="UTF-8"?>
<assessmentItem xmlns="http://www.imsglobal.org/xsd/imsqti_v2p2" xmlns:m="http://www.w3.org/1998/Math/MathML" xmlns:xsi="http://www.w3.org/2001/XMLSchema-instance" xsi:schemaLocation="http://www.imsglobal.org/xsd/imsqti_v2p2 http://www.imsglobal.org/xsd/qti/qtiv2p2/imsqti_v2p2.xsd" identifier="i6011423ba1e83975c19a3f96e48f662" title="Question 07" label="Question 07" xml:lang="fr-FR" adaptive="false" timeDependent="false" toolName="TAO" toolVersion="2022.11">
  <responseDeclaration identifier="RESPONSE" cardinality="multiple" baseType="identifier">
    <correctResponse>
      <value><![CDATA[choice_4]]></value>
    </correctResponse>
    <mapping defaultValue="0">
      <mapEntry mapKey="choice_1" mappedValue="-1"/>
      <mapEntry mapKey="choice_2" mappedValue="-1"/>
      <mapEntry mapKey="choice_3" mappedValue="-1"/>
      <mapEntry mapKey="choice_4" mappedValue="3"/>
    </mapping>
  </responseDeclaration>
  <outcomeDeclaration identifier="SCORE" cardinality="single" baseType="float" normalMaximum="3"/>
  <outcomeDeclaration identifier="MAXSCORE" cardinality="single" baseType="float">
    <defaultValue>
      <value>3</value>
    </defaultValue>
  </outcomeDeclaration>
  <itemBody>
    <div class="grid-row">
      <div class="col-12">
        <choiceInteraction responseIdentifier="RESPONSE" shuffle="true" maxChoices="1" minChoices="0" orientation="vertical">
          <prompt>
            <div> </div>
            <strong>Laquelle des affirmations suivantes concernant la procédure de notification des créances à l'occasion de l'établissement d'un acte ou d'une attestation d'hérédité est correcte ?</strong>
            <div> </div>
          </prompt>
          <simpleChoice identifier="choice_1" fixed="false" showHide="show">Seules les dettes au nom du défunt lui-même peuvent être notifiées, les dettes des héritiers ou les dettes pour lesquelles le défunt ou ses héritiers sont tenus solidairement responsables ne peuvent pas être notifiées.</simpleChoice>
          <simpleChoice identifier="choice_2" fixed="false" showHide="show">Seules les dettes au nom du défunt et les dettes pour lesquelles le défunt est tenu solidairement responsable peuvent être notifiées, les dettes au nom des héritiers ou les dettes pour lesquelles les héritiers sont tenus solidairement responsables ne peuvent pas être notifiées.</simpleChoice>
          <simpleChoice identifier="choice_3" fixed="false" showHide="show">Tant les dettes au nom du défunt et les dettes pour lesquelles le défunt est tenu solidairement responsable que les dettes au nom des héritiers peuvent être notifiées, les dettes pour lesquelles les héritiers sont tenus solidairement responsables ne peuvent pas être notifiées.</simpleChoice>
          <simpleChoice identifier="choice_4" fixed="false" showHide="show">Tant les dettes au nom du défunt ou ses héritiers que les dettes pour lesquelles le défunt ou ses héritiers sont tenus solidairement responsables peuvent être notifiées.</simpleChoice>
        </choiceInteraction>
      </div>
    </div>
  </itemBody>
  <responseProcessing template="http://www.imsglobal.org/question/qti_v2p2/rptemplates/map_response"/>
</assessmentItem>
