<?xml version="1.0" encoding="UTF-8"?>
<assessmentItem xmlns="http://www.imsglobal.org/xsd/imsqti_v2p2" xmlns:m="http://www.w3.org/1998/Math/MathML" xmlns:xsi="http://www.w3.org/2001/XMLSchema-instance" xsi:schemaLocation="http://www.imsglobal.org/xsd/imsqti_v2p2 http://www.imsglobal.org/xsd/qti/qtiv2p2/imsqti_v2p2.xsd" identifier="i6206246a637059752171f104b2897ca03" title="Barre de progression/minuteur" label="1 Minuteur et barre de progression" xml:lang="fr-FR" adaptive="false" timeDependent="false" toolName="TAO" toolVersion="3.4.0-sprint156">
  <stylesheet href="style/custom/tao-user-styles.css" type="text/css" media="all" title=""/>
  <itemBody>
    <div class="grid-row">
      <div class="col-12">
        <h3>
          <strong>Instructions concernant la barre de progression et le minuteur </strong>
        </h3>
        <p> </p>
        <p>La barre de progression est affichée en haut à droite. Cette barre indique votre progression dans la passation des questions du test. </p>
        <p>
          <img src="assets/323ab3415f2d27d4a2d58.png" alt="voortgang en tijd FR.png" width="40%" type="image/png"/>
        </p>
        <p> </p>
        <p>Cette progression est également affichée sous la forme d'un pourcentage. Par exemple, s'il est écrit 20%, cela signifie que vous avez déjà répondu à 20% des questions du test proprement dit.</p>
        <p> </p>
        <p>A gauche de la barre de progression, vous verrez un minuteur indiquant le temps restant pour la partie du test dans laquelle vous vous trouvez. Ce minuteur démarre dès que vous ouvrez une partie d'un test : </p>
        <p>
          <img src="timer fr.png" alt="timer fr" width="50%" type="image/png"/>
        </p>
        <p> </p>
        <p>Vous pouvez cacher le minuteur en cliquant sur l'horloge à gauche. Cliquez à nouveau sur cette horloge pour le rendre à nouveau visible.</p>
        <p> </p>
        <p> </p>
        <p>
          <em>Cliquez sur "Suivant" pour accéder à la suite des instructions.</em>
        </p>
      </div>
    </div>
  </itemBody>
  <responseProcessing/>
</assessmentItem>
