<?xml version="1.0" encoding="UTF-8"?>
<assessmentItem xmlns="http://www.imsglobal.org/xsd/imsqti_v2p2" xmlns:m="http://www.w3.org/1998/Math/MathML" xmlns:xsi="http://www.w3.org/2001/XMLSchema-instance" xsi:schemaLocation="http://www.imsglobal.org/xsd/imsqti_v2p2 http://www.imsglobal.org/xsd/qti/qtiv2p2/imsqti_v2p2.xsd" identifier="i6011423ba1e83975c19a3f96e48f662" title="Question 03" label="Question 03" xml:lang="fr-FR" adaptive="false" timeDependent="false" toolName="TAO" toolVersion="2022.11">
  <responseDeclaration identifier="RESPONSE" cardinality="multiple" baseType="identifier">
    <correctResponse>
      <value><![CDATA[choice_4]]></value>
    </correctResponse>
    <mapping defaultValue="0">
      <mapEntry mapKey="choice_1" mappedValue="-1"/>
      <mapEntry mapKey="choice_2" mappedValue="-1"/>
      <mapEntry mapKey="choice_3" mappedValue="-1"/>
      <mapEntry mapKey="choice_4" mappedValue="3"/>
    </mapping>
  </responseDeclaration>
  <outcomeDeclaration identifier="SCORE" cardinality="single" baseType="float" normalMaximum="3"/>
  <outcomeDeclaration identifier="MAXSCORE" cardinality="single" baseType="float">
    <defaultValue>
      <value>3</value>
    </defaultValue>
  </outcomeDeclaration>
  <itemBody>
    <div class="grid-row">
      <div class="col-12">
        <choiceInteraction responseIdentifier="RESPONSE" shuffle="true" maxChoices="1" minChoices="0" orientation="vertical">
          <prompt>
            <div> </div>
            <strong>Imaginons qu'en tant que gestionnaire de dossiers recouvrement, vous deviez traiter le dossier de Ludo et Nadine. Ceux-ci sont mariés sans contrat de mariage depuis le 08/08/2008. Actuellement, ils travaillent tous les deux dans un call-center d'une maison d'édition. Toutefois, Nadine a reçu à tort en 2021 une allocation de chômage suite à une erreur de l'organisme de paiement. Nadine refuse de la rembourser et cette créance a été transmise dans le courant de l'année 2022 à l'Administration générale de la Perception et du Recouvrement et reprise dans un registre de perception et recouvrement le 08/08/2022. </strong>
            <div> </div>
            <div>
              <strong>Sur quel(s) patrimoine(s) cette allocation de chômage à récupérer peut-elle être recouvrée dans cette situation ?</strong>
              <div> </div>
            </div>
          </prompt>
          <simpleChoice identifier="choice_1" fixed="false" showHide="show">Uniquement sur le patrimoine propre de Nadine.</simpleChoice>
          <simpleChoice identifier="choice_2" fixed="false" showHide="show">Uniquement sur le patrimoine propre de Nadine et ses revenus.</simpleChoice>
          <simpleChoice identifier="choice_3" fixed="false" showHide="show">Uniquement sur le patrimoine propre de Nadine et l'ensemble du patrimoine commun.</simpleChoice>
          <simpleChoice identifier="choice_4" fixed="false" showHide="show">Sur les trois patrimoines (le patrimoine propre des deux époux et le patrimoine commun).</simpleChoice>
        </choiceInteraction>
      </div>
    </div>
  </itemBody>
  <responseProcessing template="http://www.imsglobal.org/question/qti_v2p2/rptemplates/map_response"/>
</assessmentItem>
