<?xml version="1.0" encoding="UTF-8"?>
<assessmentItem xmlns="http://www.imsglobal.org/xsd/imsqti_v2p2" xmlns:m="http://www.w3.org/1998/Math/MathML" xmlns:xsi="http://www.w3.org/2001/XMLSchema-instance" xsi:schemaLocation="http://www.imsglobal.org/xsd/imsqti_v2p2 http://www.imsglobal.org/xsd/qti/qtiv2p2/imsqti_v2p2.xsd" identifier="i6011423ba1e83975c19a3f96e48f662" title="Question 33" label="Question 33" xml:lang="fr-FR" adaptive="false" timeDependent="false" toolName="TAO" toolVersion="2022.11">
  <responseDeclaration identifier="RESPONSE" cardinality="multiple" baseType="identifier">
    <correctResponse>
      <value><![CDATA[choice_3]]></value>
    </correctResponse>
    <mapping defaultValue="0">
      <mapEntry mapKey="choice_1" mappedValue="-1"/>
      <mapEntry mapKey="choice_2" mappedValue="-1"/>
      <mapEntry mapKey="choice_3" mappedValue="3"/>
      <mapEntry mapKey="choice_4" mappedValue="-1"/>
    </mapping>
  </responseDeclaration>
  <outcomeDeclaration identifier="SCORE" cardinality="single" baseType="float" normalMaximum="3"/>
  <outcomeDeclaration identifier="MAXSCORE" cardinality="single" baseType="float">
    <defaultValue>
      <value>3</value>
    </defaultValue>
  </outcomeDeclaration>
  <itemBody>
    <div class="grid-row">
      <div class="col-12">
        <choiceInteraction responseIdentifier="RESPONSE" shuffle="true" maxChoices="1" minChoices="0" orientation="vertical">
          <prompt>
            <div> </div>
            <strong>Imaginons qu'en tant que gestionnaire de dossier recouvrement, vous examiniez le dossier de Martin. Martin est un boulanger indépendant. En raison de la crise énergétique, ses coûts et ses arriérés augmentent considérablement. La TVA due pour les premier et deuxième trimestres de 2022 reste jusqu'à ce jour impayée.</strong>
            <div>
              <strong>Dans le dossier, vous trouvez les actions suivantes : </strong>
              <div>
                <strong>    • Compte spécial du 31/07/2022, les pièces justificatives ont été envoyées le 29/09/2022. </strong>
              </div>
              <div>
                <strong>    • Le registre de perception et recouvrement a été rendu exécutoire le 06/12/2022, l'avis de perception et recouvrement a été envoyé le 09/12/2022. </strong>
              </div>
              <div> </div>
              <div>
                <strong>Si aucune action n'est plus prise ultérieurement, cette dette sera prescrite dans un délai de 5 ans. Quelle date est le point de départ de ce délai ?</strong>
                <div> </div>
              </div>
            </div>
          </prompt>
          <simpleChoice identifier="choice_1" fixed="false" showHide="show">31/07/2022.</simpleChoice>
          <simpleChoice identifier="choice_2" fixed="false" showHide="show">29/09/2022.</simpleChoice>
          <simpleChoice identifier="choice_3" fixed="false" showHide="show">06/12/2022.</simpleChoice>
          <simpleChoice identifier="choice_4" fixed="false" showHide="show">09/12/2022.</simpleChoice>
        </choiceInteraction>
      </div>
    </div>
  </itemBody>
  <responseProcessing template="http://www.imsglobal.org/question/qti_v2p2/rptemplates/map_response"/>
</assessmentItem>
