<?xml version="1.0"?>
<manifest xmlns="http://www.imsglobal.org/xsd/imscp_v1p1" xmlns:xsi="http://www.w3.org/2001/XMLSchema-instance" xsi:schemaLocation="http://www.imsglobal.org/xsd/imscp_v1p1 http://www.imsglobal.org/xsd/qti/qtiv2p2/qtiv2p2_imscpv1p2_v1p0.xsd http://ltsc.ieee.org/xsd/LOM http://www.imsglobal.org/xsd/imsmd_loose_v1p3p2.xsd http://ltsc.ieee.org/xsd/LOM http://www.imsglobal.org/xsd/imsmd_loose_v1p3p2.xsd http://ltsc.ieee.org/xsd/LOM http://www.imsglobal.org/xsd/imsmd_loose_v1p3p2.xsd http://ltsc.ieee.org/xsd/LOM http://www.imsglobal.org/xsd/imsmd_loose_v1p3p2.xsd http://ltsc.ieee.org/xsd/LOM http://www.imsglobal.org/xsd/imsmd_loose_v1p3p2.xsd http://ltsc.ieee.org/xsd/LOM http://www.imsglobal.org/xsd/imsmd_loose_v1p3p2.xsd http://ltsc.ieee.org/xsd/LOM http://www.imsglobal.org/xsd/imsmd_loose_v1p3p2.xsd http://ltsc.ieee.org/xsd/LOM http://www.imsglobal.org/xsd/imsmd_loose_v1p3p2.xsd http://ltsc.ieee.org/xsd/LOM http://www.imsglobal.org/xsd/imsmd_loose_v1p3p2.xsd http://ltsc.ieee.org/xsd/LOM http://www.imsglobal.org/xsd/imsmd_loose_v1p3p2.xsd http://ltsc.ieee.org/xsd/LOM http://www.imsglobal.org/xsd/imsmd_loose_v1p3p2.xsd http://ltsc.ieee.org/xsd/LOM http://www.imsglobal.org/xsd/imsmd_loose_v1p3p2.xsd http://ltsc.ieee.org/xsd/LOM http://www.imsglobal.org/xsd/imsmd_loose_v1p3p2.xsd http://ltsc.ieee.org/xsd/LOM http://www.imsglobal.org/xsd/imsmd_loose_v1p3p2.xsd http://ltsc.ieee.org/xsd/LOM http://www.imsglobal.org/xsd/imsmd_loose_v1p3p2.xsd http://ltsc.ieee.org/xsd/LOM http://www.imsglobal.org/xsd/imsmd_loose_v1p3p2.xsd http://ltsc.ieee.org/xsd/LOM http://www.imsglobal.org/xsd/imsmd_loose_v1p3p2.xsd http://ltsc.ieee.org/xsd/LOM http://www.imsglobal.org/xsd/imsmd_loose_v1p3p2.xsd http://ltsc.ieee.org/xsd/LOM http://www.imsglobal.org/xsd/imsmd_loose_v1p3p2.xsd http://ltsc.ieee.org/xsd/LOM http://www.imsglobal.org/xsd/imsmd_loose_v1p3p2.xsd http://ltsc.ieee.org/xsd/LOM http://www.imsglobal.org/xsd/imsmd_loose_v1p3p2.xsd http://ltsc.ieee.org/xsd/LOM http://www.imsglobal.org/xsd/imsmd_loose_v1p3p2.xsd http://ltsc.ieee.org/xsd/LOM http://www.imsglobal.org/xsd/imsmd_loose_v1p3p2.xsd http://ltsc.ieee.org/xsd/LOM http://www.imsglobal.org/xsd/imsmd_loose_v1p3p2.xsd http://ltsc.ieee.org/xsd/LOM http://www.imsglobal.org/xsd/imsmd_loose_v1p3p2.xsd http://ltsc.ieee.org/xsd/LOM http://www.imsglobal.org/xsd/imsmd_loose_v1p3p2.xsd http://ltsc.ieee.org/xsd/LOM http://www.imsglobal.org/xsd/imsmd_loose_v1p3p2.xsd http://ltsc.ieee.org/xsd/LOM http://www.imsglobal.org/xsd/imsmd_loose_v1p3p2.xsd http://ltsc.ieee.org/xsd/LOM http://www.imsglobal.org/xsd/imsmd_loose_v1p3p2.xsd http://ltsc.ieee.org/xsd/LOM http://www.imsglobal.org/xsd/imsmd_loose_v1p3p2.xsd http://ltsc.ieee.org/xsd/LOM http://www.imsglobal.org/xsd/imsmd_loose_v1p3p2.xsd http://ltsc.ieee.org/xsd/LOM http://www.imsglobal.org/xsd/imsmd_loose_v1p3p2.xsd http://ltsc.ieee.org/xsd/LOM http://www.imsglobal.org/xsd/imsmd_loose_v1p3p2.xsd http://ltsc.ieee.org/xsd/LOM http://www.imsglobal.org/xsd/imsmd_loose_v1p3p2.xsd http://ltsc.ieee.org/xsd/LOM http://www.imsglobal.org/xsd/imsmd_loose_v1p3p2.xsd http://ltsc.ieee.org/xsd/LOM http://www.imsglobal.org/xsd/imsmd_loose_v1p3p2.xsd http://ltsc.ieee.org/xsd/LOM http://www.imsglobal.org/xsd/imsmd_loose_v1p3p2.xsd http://ltsc.ieee.org/xsd/LOM http://www.imsglobal.org/xsd/imsmd_loose_v1p3p2.xsd http://ltsc.ieee.org/xsd/LOM http://www.imsglobal.org/xsd/imsmd_loose_v1p3p2.xsd http://ltsc.ieee.org/xsd/LOM http://www.imsglobal.org/xsd/imsmd_loose_v1p3p2.xsd http://ltsc.ieee.org/xsd/LOM http://www.imsglobal.org/xsd/imsmd_loose_v1p3p2.xsd http://ltsc.ieee.org/xsd/LOM http://www.imsglobal.org/xsd/imsmd_loose_v1p3p2.xsd http://ltsc.ieee.org/xsd/LOM http://www.imsglobal.org/xsd/imsmd_loose_v1p3p2.xsd http://ltsc.ieee.org/xsd/LOM http://www.imsglobal.org/xsd/imsmd_loose_v1p3p2.xsd" identifier="QTI-TEST-MANIFEST-tao63e3afab5524a6-34788398" xmlns:imsmd="http://ltsc.ieee.org/xsd/LOM">
    <metadata>
        <schema>QTIv2.2 Package</schema>
        <schemaversion>1.0.0</schemaversion>
    </metadata>
    <organizations/>
    <resources>
            <resource identifier="i63e35d844097c3604bd10e78f5ef09897" type="imsqti_item_xmlv2p2" href="items/i63e35d844097c3604bd10e78f5ef09897/qti.xml">
            <metadata><imsmd:lom><imsmd:classification><imsmd:taxonPath><imsmd:source><imsmd:string xml:lang="en-US">http://www.w3.org/2000/01/rdf-schema#label</imsmd:string></imsmd:source><imsmd:taxon><imsmd:entry><imsmd:string xml:lang="en-US">Instructions - BFG22241</imsmd:string></imsmd:entry></imsmd:taxon></imsmd:taxonPath></imsmd:classification></imsmd:lom></metadata><file href="items/i63e35d844097c3604bd10e78f5ef09897/qti.xml"/>
                        <file href="items/i63e35d844097c3604bd10e78f5ef09897/styles/style.css"/>
                    </resource><resource identifier="i6206246a637059752171f104b2897ca03" type="imsqti_item_xmlv2p2" href="items/i6206246a637059752171f104b2897ca03/qti.xml">
            <metadata><imsmd:lom><imsmd:classification><imsmd:taxonPath><imsmd:source><imsmd:string xml:lang="en-US">https://beosa01aup.selor.taocloud.org/#i5eb12e282dfb87976172b03184bca61e6</imsmd:string></imsmd:source><imsmd:taxon><imsmd:entry><imsmd:string xml:lang="en-US">https://beosa01aup.selor.taocloud.org/#i5eba8c49798d3327627886ea1a52465a3</imsmd:string></imsmd:entry></imsmd:taxon></imsmd:taxonPath><imsmd:taxonPath><imsmd:source><imsmd:string xml:lang="en-US">http://www.w3.org/2000/01/rdf-schema#label</imsmd:string></imsmd:source><imsmd:taxon><imsmd:entry><imsmd:string xml:lang="en-US">1 Minuteur et barre de progression</imsmd:string></imsmd:entry></imsmd:taxon></imsmd:taxonPath></imsmd:classification></imsmd:lom></metadata><file href="items/i6206246a637059752171f104b2897ca03/qti.xml"/>
                        <file href="items/i6206246a637059752171f104b2897ca03/assets/323ab3415f2d27d4a2d58.png"/>
                        <file href="items/i6206246a637059752171f104b2897ca03/timer fr.png"/>
                        <file href="items/i6206246a637059752171f104b2897ca03/style/custom/tao-user-styles.css"/>
                    </resource><resource identifier="i620624754966995856782906c121a2262" type="imsqti_item_xmlv2p2" href="items/i620624754966995856782906c121a2262/qti.xml">
            <metadata><imsmd:lom><imsmd:classification><imsmd:taxonPath><imsmd:source><imsmd:string xml:lang="en-US">http://www.w3.org/2000/01/rdf-schema#label</imsmd:string></imsmd:source><imsmd:taxon><imsmd:entry><imsmd:string xml:lang="en-US">2 Aper&#xE7;u</imsmd:string></imsmd:entry></imsmd:taxon></imsmd:taxonPath></imsmd:classification></imsmd:lom></metadata><file href="items/i620624754966995856782906c121a2262/qti.xml"/>
                        <file href="items/i620624754966995856782906c121a2262/assets/e07e74635f32500dbac27.png"/>
                        <file href="items/i620624754966995856782906c121a2262/assets/37d8a19f5f3286a0ecd7a.png"/>
                        <file href="items/i620624754966995856782906c121a2262/assets/683555165f2d313e20d8f.png"/>
                        <file href="items/i620624754966995856782906c121a2262/style/custom/tao-user-styles.css"/>
                    </resource><resource identifier="i62062489e3966956617095762de719031" type="imsqti_item_xmlv2p2" href="items/i62062489e3966956617095762de719031/qti.xml">
            <metadata><imsmd:lom><imsmd:classification><imsmd:taxonPath><imsmd:source><imsmd:string xml:lang="en-US">http://www.w3.org/2000/01/rdf-schema#label</imsmd:string></imsmd:source><imsmd:taxon><imsmd:entry><imsmd:string xml:lang="en-US">Calculatrice </imsmd:string></imsmd:entry></imsmd:taxon></imsmd:taxonPath></imsmd:classification></imsmd:lom></metadata><file href="items/i62062489e3966956617095762de719031/qti.xml"/>
                        <file href="items/i62062489e3966956617095762de719031/getFile.png"/>
                        <file href="items/i62062489e3966956617095762de719031/assets/958982845f364ed288165.png"/>
                        <file href="items/i62062489e3966956617095762de719031/styles/style.css"/>
                        <file href="items/i62062489e3966956617095762de719031/style/custom/tao-user-styles.css"/>
                    </resource><resource identifier="i620624811a1549807599e9bf5fc8458e9" type="imsqti_item_xmlv2p2" href="items/i620624811a1549807599e9bf5fc8458e9/qti.xml">
            <metadata><imsmd:lom><imsmd:classification><imsmd:taxonPath><imsmd:source><imsmd:string xml:lang="en-US">http://www.w3.org/2000/01/rdf-schema#label</imsmd:string></imsmd:source><imsmd:taxon><imsmd:entry><imsmd:string xml:lang="en-US">3 Outils</imsmd:string></imsmd:entry></imsmd:taxon></imsmd:taxonPath></imsmd:classification></imsmd:lom></metadata><file href="items/i620624811a1549807599e9bf5fc8458e9/qti.xml"/>
                        <file href="items/i620624811a1549807599e9bf5fc8458e9/assets/92fb90aa5f2d479c8b191.png"/>
                        <file href="items/i620624811a1549807599e9bf5fc8458e9/assets/96a210485f2d480305c3f.png"/>
                        <file href="items/i620624811a1549807599e9bf5fc8458e9/assets/21f6e8c95f2d4853a9b98.png"/>
                        <file href="items/i620624811a1549807599e9bf5fc8458e9/style/custom/tao-user-styles.css"/>
                    </resource><resource identifier="i620622cf659ea98805a71539647954dfc" type="imsqti_item_xmlv2p2" href="items/i620622cf659ea98805a71539647954dfc/qti.xml">
            <metadata><imsmd:lom><imsmd:classification><imsmd:taxonPath><imsmd:source><imsmd:string xml:lang="en-US">http://www.w3.org/2000/01/rdf-schema#label</imsmd:string></imsmd:source><imsmd:taxon><imsmd:entry><imsmd:string xml:lang="en-US">Exemple de question &#xE0; choix multiple</imsmd:string></imsmd:entry></imsmd:taxon></imsmd:taxonPath></imsmd:classification></imsmd:lom></metadata><file href="items/i620622cf659ea98805a71539647954dfc/qti.xml"/>
                        <file href="items/i620622cf659ea98805a71539647954dfc/style/custom/tao-user-styles.css"/>
                    </resource><resource identifier="i6206231593a8c23536ef4f0a3784b2791e" type="imsqti_item_xmlv2p2" href="items/i6206231593a8c23536ef4f0a3784b2791e/qti.xml">
            <metadata><imsmd:lom><imsmd:classification><imsmd:taxonPath><imsmd:source><imsmd:string xml:lang="en-US">http://www.w3.org/2000/01/rdf-schema#label</imsmd:string></imsmd:source><imsmd:taxon><imsmd:entry><imsmd:string xml:lang="en-US">Fin Introduction</imsmd:string></imsmd:entry></imsmd:taxon></imsmd:taxonPath></imsmd:classification></imsmd:lom></metadata><file href="items/i6206231593a8c23536ef4f0a3784b2791e/qti.xml"/>
                    </resource><resource identifier="i63e35e1e93c1536243eecf835ead321e4" type="imsqti_item_xmlv2p2" href="items/i63e35e1e93c1536243eecf835ead321e4/qti.xml">
            <metadata><imsmd:lom><imsmd:classification><imsmd:taxonPath><imsmd:source><imsmd:string xml:lang="en-US">http://www.w3.org/2000/01/rdf-schema#label</imsmd:string></imsmd:source><imsmd:taxon><imsmd:entry><imsmd:string xml:lang="en-US">Question 01</imsmd:string></imsmd:entry></imsmd:taxon></imsmd:taxonPath></imsmd:classification></imsmd:lom></metadata><file href="items/i63e35e1e93c1536243eecf835ead321e4/qti.xml"/>
                    </resource><resource identifier="i63e35e2468aa936244b25f225847754b5" type="imsqti_item_xmlv2p2" href="items/i63e35e2468aa936244b25f225847754b5/qti.xml">
            <metadata><imsmd:lom><imsmd:classification><imsmd:taxonPath><imsmd:source><imsmd:string xml:lang="en-US">http://www.w3.org/2000/01/rdf-schema#label</imsmd:string></imsmd:source><imsmd:taxon><imsmd:entry><imsmd:string xml:lang="en-US">Question 02</imsmd:string></imsmd:entry></imsmd:taxon></imsmd:taxonPath></imsmd:classification></imsmd:lom></metadata><file href="items/i63e35e2468aa936244b25f225847754b5/qti.xml"/>
                    </resource><resource identifier="i63e35e2a186ab36243278d8ad0cdf323d" type="imsqti_item_xmlv2p2" href="items/i63e35e2a186ab36243278d8ad0cdf323d/qti.xml">
            <metadata><imsmd:lom><imsmd:classification><imsmd:taxonPath><imsmd:source><imsmd:string xml:lang="en-US">http://www.w3.org/2000/01/rdf-schema#label</imsmd:string></imsmd:source><imsmd:taxon><imsmd:entry><imsmd:string xml:lang="en-US">Question 03</imsmd:string></imsmd:entry></imsmd:taxon></imsmd:taxonPath></imsmd:classification></imsmd:lom></metadata><file href="items/i63e35e2a186ab36243278d8ad0cdf323d/qti.xml"/>
                    </resource><resource identifier="i63e35e2fb72773624a7f82e9ad9e2b3d5" type="imsqti_item_xmlv2p2" href="items/i63e35e2fb72773624a7f82e9ad9e2b3d5/qti.xml">
            <metadata><imsmd:lom><imsmd:classification><imsmd:taxonPath><imsmd:source><imsmd:string xml:lang="en-US">http://www.w3.org/2000/01/rdf-schema#label</imsmd:string></imsmd:source><imsmd:taxon><imsmd:entry><imsmd:string xml:lang="en-US">Question 04</imsmd:string></imsmd:entry></imsmd:taxon></imsmd:taxonPath></imsmd:classification></imsmd:lom></metadata><file href="items/i63e35e2fb72773624a7f82e9ad9e2b3d5/qti.xml"/>
                    </resource><resource identifier="i63e35e356817736243f164e36e05aec6c" type="imsqti_item_xmlv2p2" href="items/i63e35e356817736243f164e36e05aec6c/qti.xml">
            <metadata><imsmd:lom><imsmd:classification><imsmd:taxonPath><imsmd:source><imsmd:string xml:lang="en-US">http://www.w3.org/2000/01/rdf-schema#label</imsmd:string></imsmd:source><imsmd:taxon><imsmd:entry><imsmd:string xml:lang="en-US">Question 05</imsmd:string></imsmd:entry></imsmd:taxon></imsmd:taxonPath></imsmd:classification></imsmd:lom></metadata><file href="items/i63e35e356817736243f164e36e05aec6c/qti.xml"/>
                    </resource><resource identifier="i63e35e3b18caf3624dbe62560f363fc6b" type="imsqti_item_xmlv2p2" href="items/i63e35e3b18caf3624dbe62560f363fc6b/qti.xml">
            <metadata><imsmd:lom><imsmd:classification><imsmd:taxonPath><imsmd:source><imsmd:string xml:lang="en-US">http://www.w3.org/2000/01/rdf-schema#label</imsmd:string></imsmd:source><imsmd:taxon><imsmd:entry><imsmd:string xml:lang="en-US">Question 06</imsmd:string></imsmd:entry></imsmd:taxon></imsmd:taxonPath></imsmd:classification></imsmd:lom></metadata><file href="items/i63e35e3b18caf3624dbe62560f363fc6b/qti.xml"/>
                    </resource><resource identifier="i63e35e40c40fb36242efc45cbbf24f2b2" type="imsqti_item_xmlv2p2" href="items/i63e35e40c40fb36242efc45cbbf24f2b2/qti.xml">
            <metadata><imsmd:lom><imsmd:classification><imsmd:taxonPath><imsmd:source><imsmd:string xml:lang="en-US">http://www.w3.org/2000/01/rdf-schema#label</imsmd:string></imsmd:source><imsmd:taxon><imsmd:entry><imsmd:string xml:lang="en-US">Question 07</imsmd:string></imsmd:entry></imsmd:taxon></imsmd:taxonPath></imsmd:classification></imsmd:lom></metadata><file href="items/i63e35e40c40fb36242efc45cbbf24f2b2/qti.xml"/>
                    </resource><resource identifier="i63e35e46712c0362407d16dd939a214d6" type="imsqti_item_xmlv2p2" href="items/i63e35e46712c0362407d16dd939a214d6/qti.xml">
            <metadata><imsmd:lom><imsmd:classification><imsmd:taxonPath><imsmd:source><imsmd:string xml:lang="en-US">http://www.w3.org/2000/01/rdf-schema#label</imsmd:string></imsmd:source><imsmd:taxon><imsmd:entry><imsmd:string xml:lang="en-US">Question 08</imsmd:string></imsmd:entry></imsmd:taxon></imsmd:taxonPath></imsmd:classification></imsmd:lom></metadata><file href="items/i63e35e46712c0362407d16dd939a214d6/qti.xml"/>
                    </resource><resource identifier="i63e35e4c1c2613624706e71f97544060b" type="imsqti_item_xmlv2p2" href="items/i63e35e4c1c2613624706e71f97544060b/qti.xml">
            <metadata><imsmd:lom><imsmd:classification><imsmd:taxonPath><imsmd:source><imsmd:string xml:lang="en-US">http://www.w3.org/2000/01/rdf-schema#label</imsmd:string></imsmd:source><imsmd:taxon><imsmd:entry><imsmd:string xml:lang="en-US">Question 09</imsmd:string></imsmd:entry></imsmd:taxon></imsmd:taxonPath></imsmd:classification></imsmd:lom></metadata><file href="items/i63e35e4c1c2613624706e71f97544060b/qti.xml"/>
                    </resource><resource identifier="i63e35e51c677f3624e9db3da3e1431496" type="imsqti_item_xmlv2p2" href="items/i63e35e51c677f3624e9db3da3e1431496/qti.xml">
            <metadata><imsmd:lom><imsmd:classification><imsmd:taxonPath><imsmd:source><imsmd:string xml:lang="en-US">http://www.w3.org/2000/01/rdf-schema#label</imsmd:string></imsmd:source><imsmd:taxon><imsmd:entry><imsmd:string xml:lang="en-US">Question 10</imsmd:string></imsmd:entry></imsmd:taxon></imsmd:taxonPath></imsmd:classification></imsmd:lom></metadata><file href="items/i63e35e51c677f3624e9db3da3e1431496/qti.xml"/>
                    </resource><resource identifier="i63e35e578a43d36249badfed11b3d1e76" type="imsqti_item_xmlv2p2" href="items/i63e35e578a43d36249badfed11b3d1e76/qti.xml">
            <metadata><imsmd:lom><imsmd:classification><imsmd:taxonPath><imsmd:source><imsmd:string xml:lang="en-US">http://www.w3.org/2000/01/rdf-schema#label</imsmd:string></imsmd:source><imsmd:taxon><imsmd:entry><imsmd:string xml:lang="en-US">Question 11</imsmd:string></imsmd:entry></imsmd:taxon></imsmd:taxonPath></imsmd:classification></imsmd:lom></metadata><file href="items/i63e35e578a43d36249badfed11b3d1e76/qti.xml"/>
                    </resource><resource identifier="i63e35e5d3daaa362425e0035e64cbc899" type="imsqti_item_xmlv2p2" href="items/i63e35e5d3daaa362425e0035e64cbc899/qti.xml">
            <metadata><imsmd:lom><imsmd:classification><imsmd:taxonPath><imsmd:source><imsmd:string xml:lang="en-US">http://www.w3.org/2000/01/rdf-schema#label</imsmd:string></imsmd:source><imsmd:taxon><imsmd:entry><imsmd:string xml:lang="en-US">Question 12</imsmd:string></imsmd:entry></imsmd:taxon></imsmd:taxonPath></imsmd:classification></imsmd:lom></metadata><file href="items/i63e35e5d3daaa362425e0035e64cbc899/qti.xml"/>
                    </resource><resource identifier="i63e35e62e29ab3624f796fe77ab9fb611" type="imsqti_item_xmlv2p2" href="items/i63e35e62e29ab3624f796fe77ab9fb611/qti.xml">
            <metadata><imsmd:lom><imsmd:classification><imsmd:taxonPath><imsmd:source><imsmd:string xml:lang="en-US">http://www.w3.org/2000/01/rdf-schema#label</imsmd:string></imsmd:source><imsmd:taxon><imsmd:entry><imsmd:string xml:lang="en-US">Question 13</imsmd:string></imsmd:entry></imsmd:taxon></imsmd:taxonPath></imsmd:classification></imsmd:lom></metadata><file href="items/i63e35e62e29ab3624f796fe77ab9fb611/qti.xml"/>
                    </resource><resource identifier="i63e35e688d2ea362411c0fe4ec91eb4c1" type="imsqti_item_xmlv2p2" href="items/i63e35e688d2ea362411c0fe4ec91eb4c1/qti.xml">
            <metadata><imsmd:lom><imsmd:classification><imsmd:taxonPath><imsmd:source><imsmd:string xml:lang="en-US">http://www.w3.org/2000/01/rdf-schema#label</imsmd:string></imsmd:source><imsmd:taxon><imsmd:entry><imsmd:string xml:lang="en-US">Question 14</imsmd:string></imsmd:entry></imsmd:taxon></imsmd:taxonPath></imsmd:classification></imsmd:lom></metadata><file href="items/i63e35e688d2ea362411c0fe4ec91eb4c1/qti.xml"/>
                    </resource><resource identifier="i63e35e6e405753624cd40241e9638d076" type="imsqti_item_xmlv2p2" href="items/i63e35e6e405753624cd40241e9638d076/qti.xml">
            <metadata><imsmd:lom><imsmd:classification><imsmd:taxonPath><imsmd:source><imsmd:string xml:lang="en-US">http://www.w3.org/2000/01/rdf-schema#label</imsmd:string></imsmd:source><imsmd:taxon><imsmd:entry><imsmd:string xml:lang="en-US">Question 15</imsmd:string></imsmd:entry></imsmd:taxon></imsmd:taxonPath></imsmd:classification></imsmd:lom></metadata><file href="items/i63e35e6e405753624cd40241e9638d076/qti.xml"/>
                    </resource><resource identifier="i63e35e73e23743624936cac7a02b23853" type="imsqti_item_xmlv2p2" href="items/i63e35e73e23743624936cac7a02b23853/qti.xml">
            <metadata><imsmd:lom><imsmd:classification><imsmd:taxonPath><imsmd:source><imsmd:string xml:lang="en-US">http://www.w3.org/2000/01/rdf-schema#label</imsmd:string></imsmd:source><imsmd:taxon><imsmd:entry><imsmd:string xml:lang="en-US">Question 16</imsmd:string></imsmd:entry></imsmd:taxon></imsmd:taxonPath></imsmd:classification></imsmd:lom></metadata><file href="items/i63e35e73e23743624936cac7a02b23853/qti.xml"/>
                    </resource><resource identifier="i63e35e7990bd83624ee5dee87ce241005" type="imsqti_item_xmlv2p2" href="items/i63e35e7990bd83624ee5dee87ce241005/qti.xml">
            <metadata><imsmd:lom><imsmd:classification><imsmd:taxonPath><imsmd:source><imsmd:string xml:lang="en-US">http://www.w3.org/2000/01/rdf-schema#label</imsmd:string></imsmd:source><imsmd:taxon><imsmd:entry><imsmd:string xml:lang="en-US">Question 17</imsmd:string></imsmd:entry></imsmd:taxon></imsmd:taxonPath></imsmd:classification></imsmd:lom></metadata><file href="items/i63e35e7990bd83624ee5dee87ce241005/qti.xml"/>
                    </resource><resource identifier="i63e35e7f54c413624a6925d1a797845ef" type="imsqti_item_xmlv2p2" href="items/i63e35e7f54c413624a6925d1a797845ef/qti.xml">
            <metadata><imsmd:lom><imsmd:classification><imsmd:taxonPath><imsmd:source><imsmd:string xml:lang="en-US">http://www.w3.org/2000/01/rdf-schema#label</imsmd:string></imsmd:source><imsmd:taxon><imsmd:entry><imsmd:string xml:lang="en-US">Question 18</imsmd:string></imsmd:entry></imsmd:taxon></imsmd:taxonPath></imsmd:classification></imsmd:lom></metadata><file href="items/i63e35e7f54c413624a6925d1a797845ef/qti.xml"/>
                    </resource><resource identifier="i63e35e84f37c4362479bc5ae883cb4d85" type="imsqti_item_xmlv2p2" href="items/i63e35e84f37c4362479bc5ae883cb4d85/qti.xml">
            <metadata><imsmd:lom><imsmd:classification><imsmd:taxonPath><imsmd:source><imsmd:string xml:lang="en-US">http://www.w3.org/2000/01/rdf-schema#label</imsmd:string></imsmd:source><imsmd:taxon><imsmd:entry><imsmd:string xml:lang="en-US">Question 19</imsmd:string></imsmd:entry></imsmd:taxon></imsmd:taxonPath></imsmd:classification></imsmd:lom></metadata><file href="items/i63e35e84f37c4362479bc5ae883cb4d85/qti.xml"/>
                    </resource><resource identifier="i63e35e8abc6af362427e167468f1f27e6" type="imsqti_item_xmlv2p2" href="items/i63e35e8abc6af362427e167468f1f27e6/qti.xml">
            <metadata><imsmd:lom><imsmd:classification><imsmd:taxonPath><imsmd:source><imsmd:string xml:lang="en-US">http://www.w3.org/2000/01/rdf-schema#label</imsmd:string></imsmd:source><imsmd:taxon><imsmd:entry><imsmd:string xml:lang="en-US">Question 20</imsmd:string></imsmd:entry></imsmd:taxon></imsmd:taxonPath></imsmd:classification></imsmd:lom></metadata><file href="items/i63e35e8abc6af362427e167468f1f27e6/qti.xml"/>
                    </resource><resource identifier="i63e35e90687943624964bdde94d4e2c16" type="imsqti_item_xmlv2p2" href="items/i63e35e90687943624964bdde94d4e2c16/qti.xml">
            <metadata><imsmd:lom><imsmd:classification><imsmd:taxonPath><imsmd:source><imsmd:string xml:lang="en-US">http://www.w3.org/2000/01/rdf-schema#label</imsmd:string></imsmd:source><imsmd:taxon><imsmd:entry><imsmd:string xml:lang="en-US">Question 21</imsmd:string></imsmd:entry></imsmd:taxon></imsmd:taxonPath></imsmd:classification></imsmd:lom></metadata><file href="items/i63e35e90687943624964bdde94d4e2c16/qti.xml"/>
                    </resource><resource identifier="i63e35e9613ee936242e0f081c3ab64d0b" type="imsqti_item_xmlv2p2" href="items/i63e35e9613ee936242e0f081c3ab64d0b/qti.xml">
            <metadata><imsmd:lom><imsmd:classification><imsmd:taxonPath><imsmd:source><imsmd:string xml:lang="en-US">http://www.w3.org/2000/01/rdf-schema#label</imsmd:string></imsmd:source><imsmd:taxon><imsmd:entry><imsmd:string xml:lang="en-US">Question 22</imsmd:string></imsmd:entry></imsmd:taxon></imsmd:taxonPath></imsmd:classification></imsmd:lom></metadata><file href="items/i63e35e9613ee936242e0f081c3ab64d0b/qti.xml"/>
                    </resource><resource identifier="i63e35e9bbac2436247759af15d3ef6386" type="imsqti_item_xmlv2p2" href="items/i63e35e9bbac2436247759af15d3ef6386/qti.xml">
            <metadata><imsmd:lom><imsmd:classification><imsmd:taxonPath><imsmd:source><imsmd:string xml:lang="en-US">http://www.w3.org/2000/01/rdf-schema#label</imsmd:string></imsmd:source><imsmd:taxon><imsmd:entry><imsmd:string xml:lang="en-US">Question 23</imsmd:string></imsmd:entry></imsmd:taxon></imsmd:taxonPath></imsmd:classification></imsmd:lom></metadata><file href="items/i63e35e9bbac2436247759af15d3ef6386/qti.xml"/>
                    </resource><resource identifier="i63e35ea16524236245b0a041cb95e1768" type="imsqti_item_xmlv2p2" href="items/i63e35ea16524236245b0a041cb95e1768/qti.xml">
            <metadata><imsmd:lom><imsmd:classification><imsmd:taxonPath><imsmd:source><imsmd:string xml:lang="en-US">http://www.w3.org/2000/01/rdf-schema#label</imsmd:string></imsmd:source><imsmd:taxon><imsmd:entry><imsmd:string xml:lang="en-US">Question 24</imsmd:string></imsmd:entry></imsmd:taxon></imsmd:taxonPath></imsmd:classification></imsmd:lom></metadata><file href="items/i63e35ea16524236245b0a041cb95e1768/qti.xml"/>
                    </resource><resource identifier="i63e35ea71144f362497e325d4d7c7ee18" type="imsqti_item_xmlv2p2" href="items/i63e35ea71144f362497e325d4d7c7ee18/qti.xml">
            <metadata><imsmd:lom><imsmd:classification><imsmd:taxonPath><imsmd:source><imsmd:string xml:lang="en-US">http://www.w3.org/2000/01/rdf-schema#label</imsmd:string></imsmd:source><imsmd:taxon><imsmd:entry><imsmd:string xml:lang="en-US">Question 25</imsmd:string></imsmd:entry></imsmd:taxon></imsmd:taxonPath></imsmd:classification></imsmd:lom></metadata><file href="items/i63e35ea71144f362497e325d4d7c7ee18/qti.xml"/>
                    </resource><resource identifier="i63e35eacbaaad362418191fb584b31dbd" type="imsqti_item_xmlv2p2" href="items/i63e35eacbaaad362418191fb584b31dbd/qti.xml">
            <metadata><imsmd:lom><imsmd:classification><imsmd:taxonPath><imsmd:source><imsmd:string xml:lang="en-US">http://www.w3.org/2000/01/rdf-schema#label</imsmd:string></imsmd:source><imsmd:taxon><imsmd:entry><imsmd:string xml:lang="en-US">Question 26</imsmd:string></imsmd:entry></imsmd:taxon></imsmd:taxonPath></imsmd:classification></imsmd:lom></metadata><file href="items/i63e35eacbaaad362418191fb584b31dbd/qti.xml"/>
                    </resource><resource identifier="i63e35eb267a4e3624135cf74aea5c1da6" type="imsqti_item_xmlv2p2" href="items/i63e35eb267a4e3624135cf74aea5c1da6/qti.xml">
            <metadata><imsmd:lom><imsmd:classification><imsmd:taxonPath><imsmd:source><imsmd:string xml:lang="en-US">http://www.w3.org/2000/01/rdf-schema#label</imsmd:string></imsmd:source><imsmd:taxon><imsmd:entry><imsmd:string xml:lang="en-US">Question 27</imsmd:string></imsmd:entry></imsmd:taxon></imsmd:taxonPath></imsmd:classification></imsmd:lom></metadata><file href="items/i63e35eb267a4e3624135cf74aea5c1da6/qti.xml"/>
                    </resource><resource identifier="i63e35eb81b67c36248fb661a2e43a5f10" type="imsqti_item_xmlv2p2" href="items/i63e35eb81b67c36248fb661a2e43a5f10/qti.xml">
            <metadata><imsmd:lom><imsmd:classification><imsmd:taxonPath><imsmd:source><imsmd:string xml:lang="en-US">http://www.w3.org/2000/01/rdf-schema#label</imsmd:string></imsmd:source><imsmd:taxon><imsmd:entry><imsmd:string xml:lang="en-US">Question 28</imsmd:string></imsmd:entry></imsmd:taxon></imsmd:taxonPath></imsmd:classification></imsmd:lom></metadata><file href="items/i63e35eb81b67c36248fb661a2e43a5f10/qti.xml"/>
                    </resource><resource identifier="i63e35ebdcc03a3624ffde52b9a1d3444b" type="imsqti_item_xmlv2p2" href="items/i63e35ebdcc03a3624ffde52b9a1d3444b/qti.xml">
            <metadata><imsmd:lom><imsmd:classification><imsmd:taxonPath><imsmd:source><imsmd:string xml:lang="en-US">http://www.w3.org/2000/01/rdf-schema#label</imsmd:string></imsmd:source><imsmd:taxon><imsmd:entry><imsmd:string xml:lang="en-US">Question 29</imsmd:string></imsmd:entry></imsmd:taxon></imsmd:taxonPath></imsmd:classification></imsmd:lom></metadata><file href="items/i63e35ebdcc03a3624ffde52b9a1d3444b/qti.xml"/>
                    </resource><resource identifier="i63e35ec3790f3362403e1e431c8034183" type="imsqti_item_xmlv2p2" href="items/i63e35ec3790f3362403e1e431c8034183/qti.xml">
            <metadata><imsmd:lom><imsmd:classification><imsmd:taxonPath><imsmd:source><imsmd:string xml:lang="en-US">http://www.w3.org/2000/01/rdf-schema#label</imsmd:string></imsmd:source><imsmd:taxon><imsmd:entry><imsmd:string xml:lang="en-US">Question 30</imsmd:string></imsmd:entry></imsmd:taxon></imsmd:taxonPath></imsmd:classification></imsmd:lom></metadata><file href="items/i63e35ec3790f3362403e1e431c8034183/qti.xml"/>
                    </resource><resource identifier="i63e35ec92f9713624fbf8702a56d1561f" type="imsqti_item_xmlv2p2" href="items/i63e35ec92f9713624fbf8702a56d1561f/qti.xml">
            <metadata><imsmd:lom><imsmd:classification><imsmd:taxonPath><imsmd:source><imsmd:string xml:lang="en-US">http://www.w3.org/2000/01/rdf-schema#label</imsmd:string></imsmd:source><imsmd:taxon><imsmd:entry><imsmd:string xml:lang="en-US">Question 31</imsmd:string></imsmd:entry></imsmd:taxon></imsmd:taxonPath></imsmd:classification></imsmd:lom></metadata><file href="items/i63e35ec92f9713624fbf8702a56d1561f/qti.xml"/>
                    </resource><resource identifier="i63e35ecede8bc362462919a8c07193a16" type="imsqti_item_xmlv2p2" href="items/i63e35ecede8bc362462919a8c07193a16/qti.xml">
            <metadata><imsmd:lom><imsmd:classification><imsmd:taxonPath><imsmd:source><imsmd:string xml:lang="en-US">http://www.w3.org/2000/01/rdf-schema#label</imsmd:string></imsmd:source><imsmd:taxon><imsmd:entry><imsmd:string xml:lang="en-US">Question 32</imsmd:string></imsmd:entry></imsmd:taxon></imsmd:taxonPath></imsmd:classification></imsmd:lom></metadata><file href="items/i63e35ecede8bc362462919a8c07193a16/qti.xml"/>
                    </resource><resource identifier="i63e35ed48c3183624be3e751199cdf3f9" type="imsqti_item_xmlv2p2" href="items/i63e35ed48c3183624be3e751199cdf3f9/qti.xml">
            <metadata><imsmd:lom><imsmd:classification><imsmd:taxonPath><imsmd:source><imsmd:string xml:lang="en-US">http://www.w3.org/2000/01/rdf-schema#label</imsmd:string></imsmd:source><imsmd:taxon><imsmd:entry><imsmd:string xml:lang="en-US">Question 33</imsmd:string></imsmd:entry></imsmd:taxon></imsmd:taxonPath></imsmd:classification></imsmd:lom></metadata><file href="items/i63e35ed48c3183624be3e751199cdf3f9/qti.xml"/>
                    </resource><resource identifier="i63e35eda49b9c3624ada64372f1f8683a" type="imsqti_item_xmlv2p2" href="items/i63e35eda49b9c3624ada64372f1f8683a/qti.xml">
            <metadata><imsmd:lom><imsmd:classification><imsmd:taxonPath><imsmd:source><imsmd:string xml:lang="en-US">http://www.w3.org/2000/01/rdf-schema#label</imsmd:string></imsmd:source><imsmd:taxon><imsmd:entry><imsmd:string xml:lang="en-US">Question 34</imsmd:string></imsmd:entry></imsmd:taxon></imsmd:taxonPath></imsmd:classification></imsmd:lom></metadata><file href="items/i63e35eda49b9c3624ada64372f1f8683a/qti.xml"/>
                    </resource><resource identifier="i63e35ee000c873624524a046b1e7f3f62" type="imsqti_item_xmlv2p2" href="items/i63e35ee000c873624524a046b1e7f3f62/qti.xml">
            <metadata><imsmd:lom><imsmd:classification><imsmd:taxonPath><imsmd:source><imsmd:string xml:lang="en-US">http://www.w3.org/2000/01/rdf-schema#label</imsmd:string></imsmd:source><imsmd:taxon><imsmd:entry><imsmd:string xml:lang="en-US">Question 35</imsmd:string></imsmd:entry></imsmd:taxon></imsmd:taxonPath></imsmd:classification></imsmd:lom></metadata><file href="items/i63e35ee000c873624524a046b1e7f3f62/qti.xml"/>
                    </resource><resource identifier="i63e35ee5b0a4236248deae1e003803732" type="imsqti_item_xmlv2p2" href="items/i63e35ee5b0a4236248deae1e003803732/qti.xml">
            <metadata><imsmd:lom><imsmd:classification><imsmd:taxonPath><imsmd:source><imsmd:string xml:lang="en-US">http://www.w3.org/2000/01/rdf-schema#label</imsmd:string></imsmd:source><imsmd:taxon><imsmd:entry><imsmd:string xml:lang="en-US">Question 36</imsmd:string></imsmd:entry></imsmd:taxon></imsmd:taxonPath></imsmd:classification></imsmd:lom></metadata><file href="items/i63e35ee5b0a4236248deae1e003803732/qti.xml"/>
                    </resource><resource identifier="i63e36f908dc2b23345ce453933e5ddcb43" type="imsqti_test_xmlv2p2" href="tests/i63e36f908dc2b23345ce453933e5ddcb43/test.xml"><metadata><imsmd:lom><imsmd:classification><imsmd:taxonPath><imsmd:source><imsmd:string xml:lang="en-US">https://beosa01aup.selor.taocloud.org/#i5eb133ce26ab17986f73ea1d23bb2e405</imsmd:string></imsmd:source><imsmd:taxon><imsmd:entry><imsmd:string xml:lang="en-US">UFB56E11</imsmd:string></imsmd:entry></imsmd:taxon></imsmd:taxonPath><imsmd:taxonPath><imsmd:source><imsmd:string xml:lang="en-US">https://beosa01aup.selor.taocloud.org/#i5eb13404e5d327971c5b295454526e45e</imsmd:string></imsmd:source><imsmd:taxon><imsmd:entry><imsmd:string xml:lang="en-US">https://beosa01aup.selor.taocloud.org/#i5eb12e42d392482421caa3a1382129cd4</imsmd:string></imsmd:entry></imsmd:taxon></imsmd:taxonPath><imsmd:taxonPath><imsmd:source><imsmd:string xml:lang="en-US">https://beosa01aup.selor.taocloud.org/#i5eb1344b04f79796311d1b416d6387c56</imsmd:string></imsmd:source><imsmd:taxon><imsmd:entry><imsmd:string xml:lang="en-US">628</imsmd:string></imsmd:entry></imsmd:taxon></imsmd:taxonPath><imsmd:taxonPath><imsmd:source><imsmd:string xml:lang="en-US">https://beosa01aup.selor.taocloud.org/#i5eb13457d7dfb104436d9634506e6d74ff</imsmd:string></imsmd:source><imsmd:taxon><imsmd:entry><imsmd:string xml:lang="en-US">http://www.tao.lu/Ontologies/generis.rdf#False</imsmd:string></imsmd:entry></imsmd:taxon></imsmd:taxonPath><imsmd:taxonPath><imsmd:source><imsmd:string xml:lang="en-US">http://www.w3.org/2000/01/rdf-schema#label</imsmd:string></imsmd:source><imsmd:taxon><imsmd:entry><imsmd:string xml:lang="en-US">BFG22241 - QCM</imsmd:string></imsmd:entry></imsmd:taxon></imsmd:taxonPath></imsmd:classification></imsmd:lom></metadata><file href="tests/i63e36f908dc2b23345ce453933e5ddcb43/test.xml"/><dependency identifierref="i63e35d844097c3604bd10e78f5ef09897"/><dependency identifierref="i6206246a637059752171f104b2897ca03"/><dependency identifierref="i620624754966995856782906c121a2262"/><dependency identifierref="i62062489e3966956617095762de719031"/><dependency identifierref="i620624811a1549807599e9bf5fc8458e9"/><dependency identifierref="i620622cf659ea98805a71539647954dfc"/><dependency identifierref="i6206231593a8c23536ef4f0a3784b2791e"/><dependency identifierref="i63e35e1e93c1536243eecf835ead321e4"/><dependency identifierref="i63e35e2468aa936244b25f225847754b5"/><dependency identifierref="i63e35e2a186ab36243278d8ad0cdf323d"/><dependency identifierref="i63e35e2fb72773624a7f82e9ad9e2b3d5"/><dependency identifierref="i63e35e356817736243f164e36e05aec6c"/><dependency identifierref="i63e35e3b18caf3624dbe62560f363fc6b"/><dependency identifierref="i63e35e40c40fb36242efc45cbbf24f2b2"/><dependency identifierref="i63e35e46712c0362407d16dd939a214d6"/><dependency identifierref="i63e35e4c1c2613624706e71f97544060b"/><dependency identifierref="i63e35e51c677f3624e9db3da3e1431496"/><dependency identifierref="i63e35e578a43d36249badfed11b3d1e76"/><dependency identifierref="i63e35e5d3daaa362425e0035e64cbc899"/><dependency identifierref="i63e35e62e29ab3624f796fe77ab9fb611"/><dependency identifierref="i63e35e688d2ea362411c0fe4ec91eb4c1"/><dependency identifierref="i63e35e6e405753624cd40241e9638d076"/><dependency identifierref="i63e35e73e23743624936cac7a02b23853"/><dependency identifierref="i63e35e7990bd83624ee5dee87ce241005"/><dependency identifierref="i63e35e7f54c413624a6925d1a797845ef"/><dependency identifierref="i63e35e84f37c4362479bc5ae883cb4d85"/><dependency identifierref="i63e35e8abc6af362427e167468f1f27e6"/><dependency identifierref="i63e35e90687943624964bdde94d4e2c16"/><dependency identifierref="i63e35e9613ee936242e0f081c3ab64d0b"/><dependency identifierref="i63e35e9bbac2436247759af15d3ef6386"/><dependency identifierref="i63e35ea16524236245b0a041cb95e1768"/><dependency identifierref="i63e35ea71144f362497e325d4d7c7ee18"/><dependency identifierref="i63e35eacbaaad362418191fb584b31dbd"/><dependency identifierref="i63e35eb267a4e3624135cf74aea5c1da6"/><dependency identifierref="i63e35eb81b67c36248fb661a2e43a5f10"/><dependency identifierref="i63e35ebdcc03a3624ffde52b9a1d3444b"/><dependency identifierref="i63e35ec3790f3362403e1e431c8034183"/><dependency identifierref="i63e35ec92f9713624fbf8702a56d1561f"/><dependency identifierref="i63e35ecede8bc362462919a8c07193a16"/><dependency identifierref="i63e35ed48c3183624be3e751199cdf3f9"/><dependency identifierref="i63e35eda49b9c3624ada64372f1f8683a"/><dependency identifierref="i63e35ee000c873624524a046b1e7f3f62"/><dependency identifierref="i63e35ee5b0a4236248deae1e003803732"/></resource></resources>
</manifest>
