<?xml version="1.0" encoding="UTF-8"?>
<assessmentItem xmlns="http://www.imsglobal.org/xsd/imsqti_v2p2" xmlns:m="http://www.w3.org/1998/Math/MathML" xmlns:xsi="http://www.w3.org/2001/XMLSchema-instance" xsi:schemaLocation="http://www.imsglobal.org/xsd/imsqti_v2p2 http://www.imsglobal.org/xsd/qti/qtiv2p2/imsqti_v2p2.xsd" identifier="i6011423ba1e83975c19a3f96e48f662" title="Question 10" label="Question 10" xml:lang="fr-FR" adaptive="false" timeDependent="false" toolName="TAO" toolVersion="2022.11">
  <responseDeclaration identifier="RESPONSE" cardinality="multiple" baseType="identifier">
    <correctResponse>
      <value><![CDATA[choice_4]]></value>
    </correctResponse>
    <mapping defaultValue="0">
      <mapEntry mapKey="choice_1" mappedValue="-1"/>
      <mapEntry mapKey="choice_2" mappedValue="-1"/>
      <mapEntry mapKey="choice_3" mappedValue="-1"/>
      <mapEntry mapKey="choice_4" mappedValue="3"/>
    </mapping>
  </responseDeclaration>
  <outcomeDeclaration identifier="SCORE" cardinality="single" baseType="float" normalMaximum="3"/>
  <outcomeDeclaration identifier="MAXSCORE" cardinality="single" baseType="float">
    <defaultValue>
      <value>3</value>
    </defaultValue>
  </outcomeDeclaration>
  <itemBody>
    <div class="grid-row">
      <div class="col-12">
        <choiceInteraction responseIdentifier="RESPONSE" shuffle="true" maxChoices="1" minChoices="0" orientation="vertical">
          <prompt>
            <div> </div>
            <strong>L'article 86 du Code pénal prévoit que les peines prononcées par des arrêts ou jugements devenus irrévocables contre des personnes physiques s'éteignent par la mort du condamné.</strong>
            <div> </div>
            <div>
              <strong>Cela vaut-il également pour les frais de justice et les frais d'exécution déjà engagés ?</strong>
              <div> </div>
            </div>
          </prompt>
          <simpleChoice identifier="choice_1" fixed="false" showHide="show">Oui, ceux-ci ne peuvent plus être recouvrés auprès des héritiers après le décès du condamné.</simpleChoice>
          <simpleChoice identifier="choice_2" fixed="false" showHide="show">Les frais de justice peuvent encore être recouvrés après le décès du condamné, mais pas les frais d'exécution déjà engagés.</simpleChoice>
          <simpleChoice identifier="choice_3" fixed="false" showHide="show">Les frais d'exécution déjà engagés peuvent encore être recouvrés après le décès du condamné, mais pas les frais de justice.</simpleChoice>
          <simpleChoice identifier="choice_4" fixed="false" showHide="show">Non, ceux-ci peuvent encore être recouvrés auprès des héritiers après le décès du condamné.</simpleChoice>
        </choiceInteraction>
      </div>
    </div>
  </itemBody>
  <responseProcessing template="http://www.imsglobal.org/question/qti_v2p2/rptemplates/map_response"/>
</assessmentItem>
