<?xml version="1.0" encoding="UTF-8"?>
<assessmentItem xmlns="http://www.imsglobal.org/xsd/imsqti_v2p2" xmlns:m="http://www.w3.org/1998/Math/MathML" xmlns:xsi="http://www.w3.org/2001/XMLSchema-instance" xsi:schemaLocation="http://www.imsglobal.org/xsd/imsqti_v2p2 http://www.imsglobal.org/xsd/qti/qtiv2p2/imsqti_v2p2.xsd" identifier="i6011423ba1e83975c19a3f96e48f662" title="Question 06" label="Question 06" xml:lang="fr-FR" adaptive="false" timeDependent="false" toolName="TAO" toolVersion="2022.11">
  <responseDeclaration identifier="RESPONSE" cardinality="multiple" baseType="identifier">
    <correctResponse>
      <value><![CDATA[choice_2]]></value>
    </correctResponse>
    <mapping defaultValue="0">
      <mapEntry mapKey="choice_1" mappedValue="-1"/>
      <mapEntry mapKey="choice_2" mappedValue="3"/>
      <mapEntry mapKey="choice_3" mappedValue="-1"/>
      <mapEntry mapKey="choice_4" mappedValue="-1"/>
    </mapping>
  </responseDeclaration>
  <outcomeDeclaration identifier="SCORE" cardinality="single" baseType="float" normalMaximum="3"/>
  <outcomeDeclaration identifier="MAXSCORE" cardinality="single" baseType="float">
    <defaultValue>
      <value>3</value>
    </defaultValue>
  </outcomeDeclaration>
  <itemBody>
    <div class="grid-row">
      <div class="col-12">
        <choiceInteraction responseIdentifier="RESPONSE" shuffle="true" maxChoices="1" minChoices="0" orientation="vertical">
          <prompt>
            <div> </div>
            <strong>Imaginons qu'Heinz et Helga se soient mariés le 20/08/2008 sous le régime légal et vivent séparés de fait depuis le 20/06/2020. </strong>
            <div>
              <strong>Jusqu'à présent, la procédure de divorce est toujours en cours. </strong>
              <strong>Au 09/09/2022, une cotisation à l'impôt des personnes physiques (IPP), exercice d'imposition 2022, a été enrôlée au nom de Heinz, l'avertissement-extrait de rôle a été envoyé le 12/09/2022. </strong>
            </div>
            <div>
              <div> </div>
              <div>
                <strong>Une saisie sur les revenus de Heinz et Heidi peut-elle être effectuée pour cette cotisation ?</strong>
                <div> </div>
              </div>
            </div>
          </prompt>
          <simpleChoice identifier="choice_1" fixed="false" showHide="show">Oui, une saisie sur salaire est possible sur les revenus des deux pour l'entièreté de la cotisation IPP.</simpleChoice>
          <simpleChoice identifier="choice_2" fixed="false" showHide="show">Une saisie sur salaire est possible sur les revenus de Heinz pour l'entièreté de la cotisation IPP, mais pas sur les revenus d'Helga.</simpleChoice>
          <simpleChoice identifier="choice_3" fixed="false" showHide="show">Une saisie sur salaire est possible sur les revenus de Heinz pour l'entièreté de la cotisation IPP, une saisie sur salaire sur les revenus d'Helga est uniquement possible pour sa part dans la cotisation IPP.</simpleChoice>
          <simpleChoice identifier="choice_4" fixed="false" showHide="show">Non, une saisie sur salaire n'est pas possible sur les revenus de Heinz, ni sur les revenus d'Helga.</simpleChoice>
        </choiceInteraction>
      </div>
    </div>
  </itemBody>
  <responseProcessing template="http://www.imsglobal.org/question/qti_v2p2/rptemplates/map_response"/>
</assessmentItem>
