<?xml version="1.0" encoding="UTF-8"?>
<assessmentItem xmlns="http://www.imsglobal.org/xsd/imsqti_v2p2" xmlns:m="http://www.w3.org/1998/Math/MathML" xmlns:xsi="http://www.w3.org/2001/XMLSchema-instance" xsi:schemaLocation="http://www.imsglobal.org/xsd/imsqti_v2p2 http://www.imsglobal.org/xsd/qti/qtiv2p2/imsqti_v2p2.xsd" identifier="i6011423ba1e83975c19a3f96e48f662" title="Question 14" label="Question 14" xml:lang="fr-FR" adaptive="false" timeDependent="false" toolName="TAO" toolVersion="2022.11">
  <responseDeclaration identifier="RESPONSE" cardinality="multiple" baseType="identifier">
    <correctResponse>
      <value><![CDATA[choice_1]]></value>
    </correctResponse>
    <mapping defaultValue="0">
      <mapEntry mapKey="choice_1" mappedValue="3"/>
      <mapEntry mapKey="choice_2" mappedValue="-1"/>
      <mapEntry mapKey="choice_3" mappedValue="-1"/>
      <mapEntry mapKey="choice_4" mappedValue="-1"/>
    </mapping>
  </responseDeclaration>
  <outcomeDeclaration identifier="SCORE" cardinality="single" baseType="float" normalMaximum="3"/>
  <outcomeDeclaration identifier="MAXSCORE" cardinality="single" baseType="float">
    <defaultValue>
      <value>3</value>
    </defaultValue>
  </outcomeDeclaration>
  <itemBody>
    <div class="grid-row">
      <div class="col-12">
        <choiceInteraction responseIdentifier="RESPONSE" shuffle="true" maxChoices="1" minChoices="0" orientation="vertical">
          <prompt>
            <div> </div>
            <strong>Imaginons qu'en tant que gestionnaire de dossiers d'un Team recouvrement, vous soyez confronté, en juin 2022, au dossier de Donald, un isolé sans emploi qui a seulement une unique dette d'impôt des personnes physiques de 95 EUR ouverte auprès de l'Administration générale de la Perception et du Recouvrement. La dette a comme date d'échéance le 20/05/2022, aucune action n'a encore été entreprise. Le dossier a un score Pegasus "P".</strong>
            <div> </div>
            <div>
              <strong>Laquelle des actions suivantes est alors l'action minimale applicable dans la stratégie de recouvrement ?</strong>
              <div> </div>
            </div>
          </prompt>
          <simpleChoice identifier="choice_1" fixed="false" showHide="show">Envoyer un(e) sommation/avis de paiement.</simpleChoice>
          <simpleChoice identifier="choice_2" fixed="false" showHide="show">Attribuer le dossier à l'huissier de justice.</simpleChoice>
          <simpleChoice identifier="choice_3" fixed="false" showHide="show">Le recouvrement simplifié auprès d'un tiers.</simpleChoice>
          <simpleChoice identifier="choice_4" fixed="false" showHide="show">Encoder le code 13.</simpleChoice>
        </choiceInteraction>
      </div>
    </div>
  </itemBody>
  <responseProcessing template="http://www.imsglobal.org/question/qti_v2p2/rptemplates/map_response"/>
</assessmentItem>
