<?xml version="1.0" encoding="UTF-8"?>
<assessmentItem xmlns="http://www.imsglobal.org/xsd/imsqti_v2p2" xmlns:m="http://www.w3.org/1998/Math/MathML" xmlns:xsi="http://www.w3.org/2001/XMLSchema-instance" xsi:schemaLocation="http://www.imsglobal.org/xsd/imsqti_v2p2 http://www.imsglobal.org/xsd/qti/qtiv2p2/imsqti_v2p2.xsd" identifier="i6206231593a8c23536ef4f0a3784b2791e" title="Fin introduction" label="Fin Introduction" xml:lang="fr-FR" adaptive="false" timeDependent="false" toolName="TAO" toolVersion="3.4.0-sprint156">
  <itemBody>
    <div class="grid-row">
      <div class="col-12">
        <p>Vous avez terminé l'introduction.</p>
        <p> </p>
        <p>
          <em>Cliquez sur "Suivant" pour commencer le test.</em>
        </p>
      </div>
    </div>
  </itemBody>
  <responseProcessing/>
</assessmentItem>
