<?xml version="1.0" encoding="UTF-8"?>
<assessmentItem xmlns="http://www.imsglobal.org/xsd/imsqti_v2p2" xmlns:xi="http://www.w3.org/2001/XInclude" xmlns:xsi="http://www.w3.org/2001/XMLSchema-instance" xsi:schemaLocation="http://www.imsglobal.org/xsd/imsqti_v2p2 http://www.imsglobal.org/xsd/qti/qtiv2p2/imsqti_v2p2.xsd" identifier="i63e35d844097c3604bd10e78f5ef09897" title="Instructions" label="Instructions - BFG22241" xml:lang="fr-FR" adaptive="false" timeDependent="false" toolName="TAO" toolVersion="2022.11">
  <stylesheet href="styles/style.css" type="text/css" media="all" title=""/>
  <itemBody>
    <div class="grid-row">
      <div class="col-12">
        <h2 class="txt-ctr">
          <strong><span class="bosa-style-color-elephant">BFG22241 - </span> Gestionnaire de dossiers Recouvrement (m/f/x)</strong>
          <span class="bosa-style-color-elephant"> </span>
        </h2>
      </div>
    </div>
    <div class="grid-row">
      <div class="col-12">
        <h2 class="txt-ctr">
          <span class="bosa-style-color-elephant">
            <b>SPF Finances</b>
          </span>
        </h2>
      </div>
    </div>
    <div class="grid-row">
      <div class="col-12">
        <p> </p>
        <p>
          <span class="bosa-style-color-elephant">Chère Candidate, Cher Candidat, </span>
        </p>
        <p> </p>
      </div>
    </div>
    <div class="grid-row">
      <div class="col-12">
        <p>Ce test a pour objectif d’évaluer <strong>les compétences techniques </strong>suivantes :</p>
      </div>
    </div>
    <div class="grid-row">
      <div class="col-12">
        <div> </div>
        <ul>
          <li>Vous avez une connaissance avancée du droit de l'exécution.</li>
        </ul>
        <div> </div>
        <ul>
          <li>
            <p>Vous avez une connaissance utilisateur du droit civil en ce qui concerne le recouvrement.</p>
          </li>
        </ul>
        <div> </div>
        <ul>
          <li>
            <p>Vous avez une connaissance utilisateur des créances.</p>
          </li>
        </ul>
      </div>
    </div>
    <div class="grid-row">
      <div class="col-12">
        <p> </p>
        <p>Le test comprend <strong>36 questions à choix multiple</strong>.</p>
      </div>
    </div>
    <div class="grid-row">
      <div class="col-12">
        <p> </p>
        <p>Vous disposez d'une durée totale de <strong>2 heures</strong> pour réaliser ce test. Vous avez 15 minutes pour lire les instructions et répondre à l'exemple de question et <strong>1 heure et 45 minutes</strong> pour répondre à toutes les questions du test.</p>
        <p> </p>
      </div>
    </div>
    <div class="grid-row">
      <div class="col-12">
        <p>
          <span class="bosa-style-color-elephant">
            <b>Remarques :</b>
          </span>
        </p>
      </div>
    </div>
    <div class="grid-row">
      <div class="col-12">
        <ul>
          <li>La barre de défilement verticale à droite de la page vous permet de faire défiler le texte de votre écran de haut en bas.</li>
        </ul>
      </div>
    </div>
    <div class="grid-row">
      <div class="col-12">
        <ul>
          <li>En cliquant sur "Suivant" ou "Précédent", vous pouvez aller à la page suivante ou précédente. </li>
        </ul>
      </div>
    </div>
    <div class="grid-row">
      <div class="col-12">
        <ul>
          <li>Parcourez toutes les instructions attentivement. Dès que le test commence, vous ne pourrez plus y revenir. </li>
        </ul>
      </div>
    </div>
    <div class="grid-row">
      <div class="col-12">
        <p> </p>
        <p>
          <span class="bosa-style-color-elephant"><b>Pour chaque question à choix multiple</b> : </span>
        </p>
      </div>
    </div>
    <div class="grid-row">
      <div class="col-12">
        <ul>
          <li>
            <span class="bosa-style-color-elephant">Il n’y a qu’une seule réponse correcte.</span>
          </li>
        </ul>
      </div>
    </div>
    <div class="grid-row">
      <div class="col-12">
        <ul>
          <li>
            <span class="bosa-style-color-elephant">3 points vous sont attribués par bonne réponse.</span>
          </li>
        </ul>
      </div>
    </div>
    <div class="grid-row">
      <div class="col-12">
        <ul>
          <li>
            <span class="bosa-style-color-elephant">Vous perdez 1 point par mauvaise réponse.</span>
          </li>
        </ul>
      </div>
    </div>
    <div class="grid-row">
      <div class="col-12">
        <ul>
          <li>
            <span class="bosa-style-color-elephant">Aucun point n'est retiré ni ajouté si vous ne répondez pas à une question.</span>
          </li>
        </ul>
      </div>
    </div>
    <div class="grid-row">
      <div class="col-12">
        <p> </p>
        <p>
          <em>
            <span class="bosa-style-color-elephant">Cliquez sur "Suivant" pour accéder à la suite des instructions. </span>
          </em>
        </p>
      </div>
    </div>
  </itemBody>
  <responseProcessing/>
</assessmentItem>
