<?xml version="1.0" encoding="UTF-8"?>
<assessmentItem xmlns="http://www.imsglobal.org/xsd/imsqti_v2p2" xmlns:m="http://www.w3.org/1998/Math/MathML" xmlns:xsi="http://www.w3.org/2001/XMLSchema-instance" xsi:schemaLocation="http://www.imsglobal.org/xsd/imsqti_v2p2 http://www.imsglobal.org/xsd/qti/qtiv2p2/imsqti_v2p2.xsd" identifier="i620624811a1549807599e9bf5fc8458e9" title="Outils" label="3 Outils" xml:lang="fr-FR" adaptive="false" timeDependent="false" toolName="TAO" toolVersion="3.4.0-sprint156">
  <stylesheet href="style/custom/tao-user-styles.css" type="text/css" media="all" title=""/>
  <itemBody>
    <div class="grid-row">
      <div class="col-12">
        <h3>
          <strong>Instructions concernant les outils mis à votre disposition</strong>
        </h3>
        <p class="txt-ctr"> </p>
        <p>Lors de la passation de(s) test(s), vous pouvez utiliser un certain nombre d'outils.  Les boutons pour utiliser ces outils se trouvent dans la barre en bas de l'écran.</p>
        <p> </p>
        <p>
          <strong>Zoom : </strong>
        </p>
        <p>En cliquant sur le signe plus, vous pouvez zoomer (zoom avant) sur l'écran et agrandir le texte et les éventuelles images qui s'y trouvent. </p>
        <p>Via le signe moins, vous pouvez dézoomer (zoom arrière) et réduire ainsi la taille du texte et des éventuelles images.</p>
        <p>
          <img src="assets/92fb90aa5f2d479c8b191.png" alt="zoom zonder overzicht.png" width="40%" type="image/png"/>
        </p>
        <p> </p>
        <p>
          <strong>Surligneur :</strong>
        </p>
        <p>Cliquez sur le surligneur afin de pouvoir sélectionner avec votre souris un texte que vous souhaitez mettre en évidence par de la couleur. Pour désactiver cette option, cliquez à nouveau sur le surligneur.</p>
        <p>Si vous voulez supprimer le marquage sur l'écran, cliquez sur la croix à côté du surligneur. Tous les marquages disparaîtront alors de l'écran affiché.</p>
        <p>
          <img src="assets/96a210485f2d480305c3f.png" alt="markeerder zonder overzicht.png" width="40%" type="image/png"/>
        </p>
        <p> </p>
        <p>
          <strong>Contraste des couleurs :</strong>
        </p>
        <p>Vous pouvez adapter le contraste des couleurs de l'environnement de test en appuyant sur le bouton ci-dessous: </p>
        <p>
          <img src="assets/21f6e8c95f2d4853a9b98.png" alt="contrast zonder overzicht.png" width="40%" type="image/png"/>
        </p>
        <p> </p>
        <p> </p>
        <p>Si vous le souhaitez, vous pouvez tester maintenant les outils. </p>
        <p> </p>
        <p>
          <strong>Attention, l'utilisation de ces outils n'est pas obligatoire et n'a aucune influence sur le calcul de votre résultat !  </strong>
        </p>
        <p> </p>
        <p> </p>
        <p>
          <em>Cliquez sur "Suivant" pour accéder à un exemple de question.</em>
        </p>
      </div>
    </div>
  </itemBody>
  <responseProcessing/>
</assessmentItem>
