<?xml version="1.0" encoding="UTF-8"?>
<assessmentItem xmlns="http://www.imsglobal.org/xsd/imsqti_v2p2" xmlns:m="http://www.w3.org/1998/Math/MathML" xmlns:xsi="http://www.w3.org/2001/XMLSchema-instance" xsi:schemaLocation="http://www.imsglobal.org/xsd/imsqti_v2p2 http://www.imsglobal.org/xsd/qti/qtiv2p2/imsqti_v2p2.xsd" identifier="i6011423ba1e83975c19a3f96e48f662" title="Question 05" label="Question 05" xml:lang="fr-FR" adaptive="false" timeDependent="false" toolName="TAO" toolVersion="2022.11">
  <responseDeclaration identifier="RESPONSE" cardinality="multiple" baseType="identifier">
    <correctResponse>
      <value><![CDATA[choice_1]]></value>
    </correctResponse>
    <mapping defaultValue="0">
      <mapEntry mapKey="choice_1" mappedValue="3"/>
      <mapEntry mapKey="choice_2" mappedValue="-1"/>
      <mapEntry mapKey="choice_3" mappedValue="-1"/>
      <mapEntry mapKey="choice_4" mappedValue="-1"/>
    </mapping>
  </responseDeclaration>
  <outcomeDeclaration identifier="SCORE" cardinality="single" baseType="float" normalMaximum="3"/>
  <outcomeDeclaration identifier="MAXSCORE" cardinality="single" baseType="float">
    <defaultValue>
      <value>3</value>
    </defaultValue>
  </outcomeDeclaration>
  <itemBody>
    <div class="grid-row">
      <div class="col-12">
        <choiceInteraction responseIdentifier="RESPONSE" shuffle="true" maxChoices="1" minChoices="0" orientation="vertical">
          <prompt>
            <div> </div>
            <strong>Imaginons qu'Axel et Ginette se soient mariés le 20/02/2002 et vivent séparés de fait depuis le 10/10/2021. </strong>
            <div>
              <strong>Jusqu'à présent, la procédure de divorce est encore toujours en cours. </strong>
            </div>
            <div>
              <strong>Au 09/09/2022, la cotisation à l'impôt des personnes physiques exercice d'imposition 2022 a été enrôlée, l'avertissement-extrait de rôle a été envoyé le 12/09/2022. </strong>
              <div> </div>
              <div>
                <strong>Si cette cotisation n'est pas payée à l'échéance, quelle est alors la première action qui devra intervenir ?</strong>
                <div> </div>
              </div>
            </div>
          </prompt>
          <simpleChoice identifier="choice_1" fixed="false" showHide="show">Une sommation par pli ordinaire à chacun des époux (Axel et Ginette).</simpleChoice>
          <simpleChoice identifier="choice_2" fixed="false" showHide="show">Une sommation par pli ordinaire à Axel et une sommation codébiteur par pli ordinaire à Ginette.</simpleChoice>
          <simpleChoice identifier="choice_3" fixed="false" showHide="show">Une mise en demeure par pli recommandé à Axel.</simpleChoice>
          <simpleChoice identifier="choice_4" fixed="false" showHide="show">Une mise en demeure par pli recommandé à chacun des époux (Axel et Ginette).</simpleChoice>
        </choiceInteraction>
      </div>
    </div>
  </itemBody>
  <responseProcessing template="http://www.imsglobal.org/question/qti_v2p2/rptemplates/map_response"/>
</assessmentItem>
