<?xml version="1.0" encoding="UTF-8"?>
<assessmentItem xmlns="http://www.imsglobal.org/xsd/imsqti_v2p2" xmlns:m="http://www.w3.org/1998/Math/MathML" xmlns:xsi="http://www.w3.org/2001/XMLSchema-instance" xsi:schemaLocation="http://www.imsglobal.org/xsd/imsqti_v2p2 http://www.imsglobal.org/xsd/qti/qtiv2p2/imsqti_v2p2.xsd" identifier="i6011423ba1e83975c19a3f96e48f662" title="Question 20" label="Question 20" xml:lang="fr-FR" adaptive="false" timeDependent="false" toolName="TAO" toolVersion="2022.11">
  <responseDeclaration identifier="RESPONSE" cardinality="multiple" baseType="identifier">
    <correctResponse>
      <value><![CDATA[choice_1]]></value>
    </correctResponse>
    <mapping defaultValue="0">
      <mapEntry mapKey="choice_1" mappedValue="3"/>
      <mapEntry mapKey="choice_2" mappedValue="-1"/>
      <mapEntry mapKey="choice_3" mappedValue="-1"/>
      <mapEntry mapKey="choice_4" mappedValue="-1"/>
    </mapping>
  </responseDeclaration>
  <outcomeDeclaration identifier="SCORE" cardinality="single" baseType="float" normalMaximum="3"/>
  <outcomeDeclaration identifier="MAXSCORE" cardinality="single" baseType="float">
    <defaultValue>
      <value>3</value>
    </defaultValue>
  </outcomeDeclaration>
  <itemBody>
    <div class="grid-row">
      <div class="col-12">
        <choiceInteraction responseIdentifier="RESPONSE" shuffle="true" maxChoices="1" minChoices="0" orientation="vertical">
          <prompt>
            <div> </div>
            <strong>La loi du 25 avril 2007 (MB 08/05/2007) portant dispositions diverses a introduit la possibilité de déclarer insaisissable un bien immobilier en présentant une déclaration chez un notaire. </strong>
            <strong>Cette disposition a encore été adaptée ultérieurement par le législateur.</strong>
            <div> </div>
            <div>
              <strong>Quelle affirmation sur la disposition actuelle est correcte ?</strong>
              <div>
                <div> </div>
              </div>
            </div>
          </prompt>
          <simpleChoice identifier="choice_1" fixed="false" showHide="show">La résidence principale d'une personne physique est protégée, c'est le lieu où vit habituellement un ménage ou une personne isolée.</simpleChoice>
          <simpleChoice identifier="choice_2" fixed="false" showHide="show">Seul l'indépendant qui exerce une activité de commerçant peut être protégé, pas l'agriculteur ou le travailleur libéral.</simpleChoice>
          <simpleChoice identifier="choice_3" fixed="false" showHide="show">L'indépendant peut aussi demander la protection pour un bien immobilier pour lequel il dispose d'un droit réel d'habitation.</simpleChoice>
          <simpleChoice identifier="choice_4" fixed="false" showHide="show">L'activité d'une personne physique qui est mandataire d'une personne morale ne tombe pas dans le champ d'application de cette protection.</simpleChoice>
        </choiceInteraction>
      </div>
    </div>
  </itemBody>
  <responseProcessing template="http://www.imsglobal.org/question/qti_v2p2/rptemplates/map_response"/>
</assessmentItem>
