<?xml version="1.0" encoding="UTF-8"?>
<assessmentItem xmlns="http://www.imsglobal.org/xsd/imsqti_v2p2" xmlns:m="http://www.w3.org/1998/Math/MathML" xmlns:xsi="http://www.w3.org/2001/XMLSchema-instance" xsi:schemaLocation="http://www.imsglobal.org/xsd/imsqti_v2p2 http://www.imsglobal.org/xsd/qti/qtiv2p2/imsqti_v2p2.xsd" identifier="i6011423ba1e83975c19a3f96e48f662" title="Question 08" label="Question 08" xml:lang="fr-FR" adaptive="false" timeDependent="false" toolName="TAO" toolVersion="2022.11">
  <responseDeclaration identifier="RESPONSE" cardinality="multiple" baseType="identifier">
    <correctResponse>
      <value><![CDATA[choice_1]]></value>
    </correctResponse>
    <mapping defaultValue="0">
      <mapEntry mapKey="choice_1" mappedValue="3"/>
      <mapEntry mapKey="choice_2" mappedValue="-1"/>
      <mapEntry mapKey="choice_3" mappedValue="-1"/>
      <mapEntry mapKey="choice_4" mappedValue="-1"/>
    </mapping>
  </responseDeclaration>
  <outcomeDeclaration identifier="SCORE" cardinality="single" baseType="float" normalMaximum="3"/>
  <outcomeDeclaration identifier="MAXSCORE" cardinality="single" baseType="float">
    <defaultValue>
      <value>3</value>
    </defaultValue>
  </outcomeDeclaration>
  <itemBody>
    <div class="grid-row">
      <div class="col-12">
        <choiceInteraction responseIdentifier="RESPONSE" shuffle="true" maxChoices="1" minChoices="0" orientation="vertical">
          <prompt>
            <div> </div>
            <strong>Imaginons qu'en tant que gestionnaire de dossiers recouvrement, vous deviez examiner, fin novembre 2022, la possibilité d'effectuer une notification des dettes du défunt au notaire qui intervient lors de l'établissement d'un acte ou d'un certificat d'hérédité dans le dossier de Martin. Martin est un boulanger indépendant célibataire qui paie toujours ses factures avec soin et possède plusieurs biens immobiliers. Mais, en raison de la crise énergétique, ses coûts et ses arriérés de paiement augmentent considérablement, suite à quoi Martin a des problèmes de santé. Le 11/11/2022, il décède d'un arrêt cardiaque. </strong>
            <div>
              <strong>À ce moment, les dettes suivantes sont ouvertes auprès de l'Administration générale de la Perception et du Recouvrement :</strong>
            </div>
            <div>
              <strong>    • un montant de 7.654,32 EUR de précompte professionnel (la déclaration a été déposée dans le délai, mais il n'y a pas encore eu de paiement ni d'enrôlement) ;</strong>
            </div>
            <div>
              <strong>   • un montant de 12.345,67 EUR en matière d'impôt des personnes physiques pour lequel l'avertissement-extrait de rôle a été envoyé le 07/11/2022. </strong>
            </div>
            <div> </div>
            <div>
              <strong>Laquelle/lesquelles de ces deux dettes pouvez-vous reprendre dans la notification au notaire ?</strong>
              <div> </div>
            </div>
          </prompt>
          <simpleChoice identifier="choice_1" fixed="false" showHide="show">Les deux dettes, donc tant le précompte professionnel que l'impôt des personnes physiques.</simpleChoice>
          <simpleChoice identifier="choice_2" fixed="false" showHide="show">Seulement le précompte professionnel, pas l'impôt des personnes physiques.</simpleChoice>
          <simpleChoice identifier="choice_3" fixed="false" showHide="show">Seulement l'impôt des personnes physiques, pas le précompte professionnel.</simpleChoice>
          <simpleChoice identifier="choice_4" fixed="false" showHide="show">Aucune de ces deux dettes, donc ni le précompte professionnel, ni l'impôt des personnes physiques.</simpleChoice>
        </choiceInteraction>
      </div>
    </div>
  </itemBody>
  <responseProcessing template="http://www.imsglobal.org/question/qti_v2p2/rptemplates/map_response"/>
</assessmentItem>
