<?xml version="1.0" encoding="UTF-8"?>
<assessmentItem xmlns="http://www.imsglobal.org/xsd/imsqti_v2p2" xmlns:m="http://www.w3.org/1998/Math/MathML" xmlns:xsi="http://www.w3.org/2001/XMLSchema-instance" xsi:schemaLocation="http://www.imsglobal.org/xsd/imsqti_v2p2 http://www.imsglobal.org/xsd/qti/qtiv2p2/imsqti_v2p2.xsd" identifier="i620624754966995856782906c121a2262" title="Aperçu" label="2 Aperçu" xml:lang="fr-FR" adaptive="false" timeDependent="false" toolName="TAO" toolVersion="3.4.0-sprint156">
  <stylesheet href="style/custom/tao-user-styles.css" type="text/css" media="all" title=""/>
  <itemBody>
    <div class="grid-row">
      <div class="col-4">
        <h3>
          <strong>Instructions concernant l'aperçu </strong>
        </h3>
        <p class="txt-ctr"> </p>
        <div>L'aperçu du test s'affiche à gauche de l'écran.</div>
        <div> </div>
        <p>
          <img src="assets/e07e74635f32500dbac27.png" alt="APERCU KLEUREN KADERS.png" width="68%" type="image/png"/>
        </p>
      </div>
      <div class="col-8">
        <p> </p>
        <p> </p>
        <p> </p>
        <p> </p>
        <p> </p>
        <p>En haut, sous le titre "Statut du test", vous trouverez un aperçu du nombre de pages que vous avez vues (tant les pages d'instructions que les questions) ainsi que du nombre de questions auxquelles vous avez répondu, de questions auxquelles vous n'avez pas répondu et de questions marquées pour révision (voir encadré rouge). </p>
        <p> </p>
        <p>Par défaut, l'aperçu affiche toujours toutes les questions de la partie du test sélectionnée. Les icônes situées à droite du mot "Tous" vous permettent également de choisir de n'afficher que les questions non répondues ou les questions marquées pour révision (voir encadré vert). </p>
        <p> </p>
        <p>En bas de l'aperçu, vous verrez pour chaque page/question vue, si elle a été vue, répondue, marquée pour révision ou non répondue (et non vue) (voir encadré bleu). </p>
        <p>Vous pouvez changer de partie de test en cliquant sur la partie souhaitée du test.</p>
        <p> </p>
        <p>Si vous cliquez sur une page/question, vous serez automatiquement dirigé dessus. Cela ne fonctionne que si vous avez déjà vu cette page/question. </p>
        <p> </p>
        <p> </p>
        <p> </p>
        <p> </p>
      </div>
    </div>
    <div class="grid-row">
      <div class="col-12">
        <p>
          <strong>Marquer pour révision : </strong>
        </p>
        <p>Il est possible de marquer des questions, pour en assurer un suivi ultérieurement, par exemple dans le cas de questions difficiles ou pour lesquelles vous hésitez. Cliquez sur ce bouton:</p>
        <p>
          <img src="assets/37d8a19f5f3286a0ecd7a.png" alt="opvolgen.png" width="40%" type="image/png"/>
        </p>
        <p> </p>
        <p>Si vous ne souhaitez plus assurer le suivi d'une question, cliquez à nouveau sur le bouton gris avec le petit drapeau. Les questions marquées pour révision sont indiquées dans l'aperçu avec l'icône d'un drapeau et se retrouvent sous la rubrique "A revoir". </p>
        <p>Ce bouton n'est pas visible sur cette page d'information puisqu'il n'y a pas de question posée ici. Il sera bien visible dans le test proprement dit. </p>
        <p> </p>
        <p>
          <strong>Cacher/afficher l'aperçu: </strong>
        </p>
        <p>Si vous souhaitez cacher/afficher l'aperçu, cliquez sur l'icône la plus à gauche dans la barre d'outils en bas de la page.</p>
        <p>
          <img src="assets/683555165f2d313e20d8f.png" alt="herziening.png" width="40%" type="image/png"/>
        </p>
        <p> </p>
        <p> </p>
        <p>
          <em>Cliquez sur "Suivant" pour accéder à la suite des instructions.</em>
        </p>
      </div>
    </div>
  </itemBody>
  <responseProcessing/>
</assessmentItem>
