<?xml version="1.0" encoding="UTF-8"?>
<assessmentItem xmlns="http://www.imsglobal.org/xsd/imsqti_v2p2" xmlns:m="http://www.w3.org/1998/Math/MathML" xmlns:xsi="http://www.w3.org/2001/XMLSchema-instance" xsi:schemaLocation="http://www.imsglobal.org/xsd/imsqti_v2p2 http://www.imsglobal.org/xsd/qti/qtiv2p2/imsqti_v2p2.xsd" identifier="i6011423ba1e83975c19a3f96e48f662" title="Question 11" label="Question 11" xml:lang="fr-FR" adaptive="false" timeDependent="false" toolName="TAO" toolVersion="2022.11">
  <responseDeclaration identifier="RESPONSE" cardinality="multiple" baseType="identifier">
    <correctResponse>
      <value><![CDATA[choice_3]]></value>
    </correctResponse>
    <mapping defaultValue="0">
      <mapEntry mapKey="choice_1" mappedValue="-1"/>
      <mapEntry mapKey="choice_2" mappedValue="-1"/>
      <mapEntry mapKey="choice_3" mappedValue="3"/>
      <mapEntry mapKey="choice_4" mappedValue="-1"/>
    </mapping>
  </responseDeclaration>
  <outcomeDeclaration identifier="SCORE" cardinality="single" baseType="float" normalMaximum="3"/>
  <outcomeDeclaration identifier="MAXSCORE" cardinality="single" baseType="float">
    <defaultValue>
      <value>3</value>
    </defaultValue>
  </outcomeDeclaration>
  <itemBody>
    <div class="grid-row">
      <div class="col-12">
        <choiceInteraction responseIdentifier="RESPONSE" shuffle="true" maxChoices="1" minChoices="0" orientation="vertical">
          <prompt>
            <div> </div>
            <strong>Agathe et Christie cohabitent légalement depuis plus de 10 ans dans une habitation (un petit château) qui appartient à Agathe. Les meubles dans le petit château appartiennent également tous à Agathe. Christie a toujours payé toutes les dépenses du couple avec les revenus qu'elle tire des royalties de ses livres.Le 25/12/2021, Agathe décède, laissant deux enfants majeurs d'une précédente relation, Aya et Billie. Aucun testament n'a été établi, tous les héritiers acceptent explicitement la succession.La succession d'Agathe contient uniquement le petit château et les meubles qui s'y trouvent et aucun autre actif ni passif. </strong>
            <div> </div>
            <div>
              <strong>Quelle est la part qu'Aya recevra de la succession de sa mère ?</strong>
              <div> </div>
            </div>
          </prompt>
          <simpleChoice identifier="choice_1" fixed="false" showHide="show">1/2 de la succession en pleine propriété.</simpleChoice>
          <simpleChoice identifier="choice_2" fixed="false" showHide="show">1/3 de la succession en pleine propriété.</simpleChoice>
          <simpleChoice identifier="choice_3" fixed="false" showHide="show">1/2 de la succession en nue-propriété.</simpleChoice>
          <simpleChoice identifier="choice_4" fixed="false" showHide="show">1/3 de la succession en nue-propriété.</simpleChoice>
        </choiceInteraction>
      </div>
    </div>
  </itemBody>
  <responseProcessing template="http://www.imsglobal.org/question/qti_v2p2/rptemplates/map_response"/>
</assessmentItem>
