<?xml version="1.0" encoding="UTF-8"?>
<assessmentItem xmlns="http://www.imsglobal.org/xsd/imsqti_v2p2" xmlns:m="http://www.w3.org/1998/Math/MathML" xmlns:xsi="http://www.w3.org/2001/XMLSchema-instance" xsi:schemaLocation="http://www.imsglobal.org/xsd/imsqti_v2p2 http://www.imsglobal.org/xsd/qti/qtiv2p2/imsqti_v2p2.xsd" identifier="i620622cf659ea98805a71539647954dfc" title="Exemple question à choix multiple" label="Exemple de question à choix multiple" xml:lang="fr-FR" adaptive="false" timeDependent="false" toolName="TAO" toolVersion="3.4.0-sprint156">
  <responseDeclaration identifier="RESPONSE" cardinality="single" baseType="identifier">
    <correctResponse>
      <value><![CDATA[choice_3]]></value>
    </correctResponse>
    <mapping defaultValue="0">
      <mapEntry mapKey="choice_1" mappedValue="0"/>
      <mapEntry mapKey="choice_2" mappedValue="0"/>
      <mapEntry mapKey="choice_3" mappedValue="0"/>
      <mapEntry mapKey="choice_4" mappedValue="0"/>
    </mapping>
  </responseDeclaration>
  <outcomeDeclaration identifier="SCORE" cardinality="single" baseType="float" normalMaximum="0"/>
  <outcomeDeclaration identifier="MAXSCORE" cardinality="single" baseType="float">
    <defaultValue>
      <value>0</value>
    </defaultValue>
  </outcomeDeclaration>
  <outcomeDeclaration identifier="FEEDBACK_1" cardinality="single" baseType="identifier"/>
  <outcomeDeclaration identifier="FEEDBACK_2" cardinality="single" baseType="identifier"/>
  <stylesheet href="style/custom/tao-user-styles.css" type="text/css" media="all" title=""/>
  <itemBody>
    <div class="grid-row">
      <div class="col-12">
        <h3>
          <span class="txt-underline">
            <strong>Exemple de question à choix multiple</strong>
          </span>
        </h3>
        <p> </p>
        <p>
          <strong>Comment répondre à la question ?</strong>
        </p>
        <p> </p>
        <ul>
          <li>Vous pouvez répondre en cliquant sur le petit rond qui se trouve devant la proposition de réponse choisie.</li>
          <li>Si vous voulez donner une autre réponse, cochez le petit rond devant l'autre possibilité de réponse.</li>
          <li>Si vous ne souhaitez pas répondre à la question, ne cochez aucune possibilité de réponse.</li>
          <li>Si vous ne souhaitez pas répondre à la question mais que vous avez déjà coché une possibilité de réponse, cliquez à nouveau sur le petit rond précédent la possibilité de réponse choisie. Ce petit rond est alors décoché.</li>
        </ul>
        <div><br/>
Vous pouvez maintenant vous entrainer à répondre à une question à choix multiple.<br/>
 </div>
      </div>
    </div>
    <div class="grid-row">
      <div class="col-12">
        <choiceInteraction responseIdentifier="RESPONSE" shuffle="false" maxChoices="1" minChoices="0" orientation="vertical">
          <prompt>
            <div>
              <strong>QUESTION : Quelle est la capitale de la Belgique ?</strong>
            </div>
            <div> </div>
          </prompt>
          <simpleChoice identifier="choice_1" fixed="false" showHide="show">Gand</simpleChoice>
          <simpleChoice identifier="choice_2" fixed="false" showHide="show">Liège</simpleChoice>
          <simpleChoice identifier="choice_3" fixed="false" showHide="show">Bruxelles</simpleChoice>
          <simpleChoice identifier="choice_4" fixed="false" showHide="show">Namur</simpleChoice>
        </choiceInteraction>
      </div>
    </div>
    <div class="grid-row">
      <div class="col-12">
        <p> </p>
        <p>
          <em>Cliquez sur "Suivant" pour voir votre feedback et accéder à la page suivante.</em>
        </p>
      </div>
    </div>
  </itemBody>
  <responseProcessing>
    <responseCondition>
      <responseIf>
        <not>
          <isNull>
            <variable identifier="RESPONSE"/>
          </isNull>
        </not>
        <setOutcomeValue identifier="SCORE">
          <sum>
            <variable identifier="SCORE"/>
            <mapResponse identifier="RESPONSE"/>
          </sum>
        </setOutcomeValue>
      </responseIf>
    </responseCondition>
    <responseCondition>
      <responseIf>
        <match>
          <variable identifier="RESPONSE"/>
          <correct identifier="RESPONSE"/>
        </match>
        <setOutcomeValue identifier="FEEDBACK_1">
          <baseValue baseType="identifier">feedbackModal_1</baseValue>
        </setOutcomeValue>
      </responseIf>
    </responseCondition>
    <responseCondition>
      <responseIf>
        <not>
          <match>
            <variable identifier="RESPONSE"/>
            <correct identifier="RESPONSE"/>
          </match>
        </not>
        <setOutcomeValue identifier="FEEDBACK_2">
          <baseValue baseType="identifier">feedbackModal_2</baseValue>
        </setOutcomeValue>
      </responseIf>
    </responseCondition>
  </responseProcessing>
  <modalFeedback identifier="feedbackModal_1" outcomeIdentifier="FEEDBACK_1" showHide="show" title="Feedback">
    <div class="x-tao-wrapper x-tao-relatedOutcome-RESPONSE">C'est la bonne réponse !</div>
  </modalFeedback>
  <modalFeedback identifier="feedbackModal_2" outcomeIdentifier="FEEDBACK_2" showHide="show" title="Feedback">
    <div class="x-tao-wrapper x-tao-relatedOutcome-RESPONSE">Ce n'est pas la réponse correcte. La bonne réponse est "Bruxelles".</div>
  </modalFeedback>
</assessmentItem>
