<?xml version="1.0" encoding="UTF-8"?>
<assessmentItem xmlns="http://www.imsglobal.org/xsd/imsqti_v2p2" xmlns:m="http://www.w3.org/1998/Math/MathML" xmlns:xsi="http://www.w3.org/2001/XMLSchema-instance" xsi:schemaLocation="http://www.imsglobal.org/xsd/imsqti_v2p2 http://www.imsglobal.org/xsd/qti/qtiv2p2/imsqti_v2p2.xsd" identifier="i6011423ba1e83975c19a3f96e48f662" title="Question 09" label="Question 09" xml:lang="fr-FR" adaptive="false" timeDependent="false" toolName="TAO" toolVersion="2022.11">
  <responseDeclaration identifier="RESPONSE" cardinality="multiple" baseType="identifier">
    <correctResponse>
      <value><![CDATA[choice_4]]></value>
    </correctResponse>
    <mapping defaultValue="0">
      <mapEntry mapKey="choice_1" mappedValue="-1"/>
      <mapEntry mapKey="choice_2" mappedValue="-1"/>
      <mapEntry mapKey="choice_3" mappedValue="-1"/>
      <mapEntry mapKey="choice_4" mappedValue="3"/>
    </mapping>
  </responseDeclaration>
  <outcomeDeclaration identifier="SCORE" cardinality="single" baseType="float" normalMaximum="3"/>
  <outcomeDeclaration identifier="MAXSCORE" cardinality="single" baseType="float">
    <defaultValue>
      <value>3</value>
    </defaultValue>
  </outcomeDeclaration>
  <itemBody>
    <div class="grid-row">
      <div class="col-12">
        <choiceInteraction responseIdentifier="RESPONSE" shuffle="true" maxChoices="1" minChoices="0" orientation="vertical">
          <prompt>
            <div> </div>
            <strong>Imaginons que le défunt, Jules doive payer à son ex-conjoint Louis une pension alimentaire personnelle de 1.000 EUR par mois sur base d'un jugement du tribunal de la famille.</strong>
            <div>
              <strong>À la date du décès de Jules (18/10/2022), les dettes SECAL suivantes sont toujours ouvertes auprès de l'Administration générale de la Perception et du Recouvrement :</strong>
            </div>
            <div>
              <strong>    • pension alimentaire personnelle pour le mois de janvier 2019 (contrainte notifiée le 11/05/2019). </strong>
            </div>
            <div>
              <strong>    • pension alimentaire personnelle pour le mois de décembre 2020 (registre de perception et recouvrement rendu exécutoire le 14/02/2021).</strong>
              <div> </div>
              <div>
                <strong>Laquelle/lesquelles de ces deux dettes pouvez-vous reprendre dans la notification au notaire à l'occasion de l'établissement d'un acte ou d'un certificat d'hérédité ?</strong>
                <div> </div>
              </div>
            </div>
          </prompt>
          <simpleChoice identifier="choice_1" fixed="false" showHide="show">Les deux dettes.</simpleChoice>
          <simpleChoice identifier="choice_2" fixed="false" showHide="show">Aucune des deux dettes.</simpleChoice>
          <simpleChoice identifier="choice_3" fixed="false" showHide="show">Seulement la pension alimentaire personnelle du mois de janvier 2019, pas la pension alimentaire personnelle du mois de décembre 2020.</simpleChoice>
          <simpleChoice identifier="choice_4" fixed="false" showHide="show">Seulement la pension alimenatire personnelle du mois de décembre 2020, pas la pension alimentaire personnelle du mois de janvier 2019.</simpleChoice>
        </choiceInteraction>
      </div>
    </div>
  </itemBody>
  <responseProcessing template="http://www.imsglobal.org/question/qti_v2p2/rptemplates/map_response"/>
</assessmentItem>
