<?xml version="1.0" encoding="UTF-8"?>
<assessmentItem xmlns="http://www.imsglobal.org/xsd/imsqti_v2p2" xmlns:m="http://www.w3.org/1998/Math/MathML" xmlns:xsi="http://www.w3.org/2001/XMLSchema-instance" xsi:schemaLocation="http://www.imsglobal.org/xsd/imsqti_v2p2 http://www.imsglobal.org/xsd/qti/qtiv2p2/imsqti_v2p2.xsd" identifier="i6011423ba1e83975c19a3f96e48f662" title="Question 25" label="Question 25" xml:lang="fr-FR" adaptive="false" timeDependent="false" toolName="TAO" toolVersion="2022.11">
  <responseDeclaration identifier="RESPONSE" cardinality="multiple" baseType="identifier">
    <correctResponse>
      <value><![CDATA[choice_1]]></value>
    </correctResponse>
    <mapping defaultValue="0">
      <mapEntry mapKey="choice_1" mappedValue="3"/>
      <mapEntry mapKey="choice_2" mappedValue="-1"/>
      <mapEntry mapKey="choice_3" mappedValue="-1"/>
      <mapEntry mapKey="choice_4" mappedValue="-1"/>
    </mapping>
  </responseDeclaration>
  <outcomeDeclaration identifier="SCORE" cardinality="single" baseType="float" normalMaximum="3"/>
  <outcomeDeclaration identifier="MAXSCORE" cardinality="single" baseType="float">
    <defaultValue>
      <value>3</value>
    </defaultValue>
  </outcomeDeclaration>
  <itemBody>
    <div class="grid-row">
      <div class="col-12">
        <choiceInteraction responseIdentifier="RESPONSE" shuffle="true" maxChoices="1" minChoices="0" orientation="vertical">
          <prompt>
            <div> </div>
            <strong>Via les scanners ANPR (Automatic Number Plate Recognition), les agents de l’Administration générale des Douanes et Accises ou de la police peuvent intercepter tout véhicule si, lors d’un contrôle sur la voie publique, il apparaît que le propriétaire du véhicule ou le titulaire du numéro d’immatriculation du véhicule est encore redevable de certaines sommes.</strong>
            <div> </div>
            <div>
              <strong>Pour quelles créances dans le portefeuille de l'Administration générale de la Perception et du Recouvrement (AGPR) le recouvrement est-il possible via cette procédure le 01/10/2022 ?</strong>
              <div> </div>
            </div>
          </prompt>
          <simpleChoice identifier="choice_1" fixed="false" showHide="show">C'est possible tant pour les sommes dues à titre de sanctions pénales (telles que les amendes pénales et confiscations) que pour les créances fiscales et non fiscales.</simpleChoice>
          <simpleChoice identifier="choice_2" fixed="false" showHide="show">C'est uniquement possible pour les sommes dues à titre de sanctions pénales (telles que les amendes pénales et confiscations), mais pas pour les créances fiscales et non fiscales.</simpleChoice>
          <simpleChoice identifier="choice_3" fixed="false" showHide="show">C'est uniquement possible pour les créances fiscales et non fiscales, mais pas pour les sommes dues à titre de sanctions pénales (telles que les amendes pénales et confiscations).</simpleChoice>
          <simpleChoice identifier="choice_4" fixed="false" showHide="show">Ce n'est pas possible pour les créances dans le portefeuille de l'AGPR.</simpleChoice>
        </choiceInteraction>
      </div>
    </div>
  </itemBody>
  <responseProcessing template="http://www.imsglobal.org/question/qti_v2p2/rptemplates/map_response"/>
</assessmentItem>
