<?xml version="1.0" encoding="UTF-8"?>
<assessmentItem xmlns="http://www.imsglobal.org/xsd/imsqti_v2p2" xmlns:m="http://www.w3.org/1998/Math/MathML" xmlns:xsi="http://www.w3.org/2001/XMLSchema-instance" xsi:schemaLocation="http://www.imsglobal.org/xsd/imsqti_v2p2 http://www.imsglobal.org/xsd/qti/qtiv2p2/imsqti_v2p2.xsd" identifier="i6011423ba1e83975c19a3f96e48f662" title="Question 24" label="Question 24" xml:lang="fr-FR" adaptive="false" timeDependent="false" toolName="TAO" toolVersion="2022.11">
  <responseDeclaration identifier="RESPONSE" cardinality="multiple" baseType="identifier">
    <correctResponse>
      <value><![CDATA[choice_4]]></value>
    </correctResponse>
    <mapping defaultValue="0">
      <mapEntry mapKey="choice_1" mappedValue="-1"/>
      <mapEntry mapKey="choice_2" mappedValue="-1"/>
      <mapEntry mapKey="choice_3" mappedValue="-1"/>
      <mapEntry mapKey="choice_4" mappedValue="3"/>
    </mapping>
  </responseDeclaration>
  <outcomeDeclaration identifier="SCORE" cardinality="single" baseType="float" normalMaximum="3"/>
  <outcomeDeclaration identifier="MAXSCORE" cardinality="single" baseType="float">
    <defaultValue>
      <value>3</value>
    </defaultValue>
  </outcomeDeclaration>
  <itemBody>
    <div class="grid-row">
      <div class="col-12">
        <choiceInteraction responseIdentifier="RESPONSE" shuffle="true" maxChoices="1" minChoices="0" orientation="vertical">
          <prompt>
            <div> </div>
            <strong>Imaginons que vous suiviez, en tant que gestionnaire de dossiers d'un Team recouvrement, le dossier de Faye. Vous avez fait procéder à une saisie sur ses biens meubles dans son logement (un petit château) pour des amendes pénales considérables (décisions du tribunal correctionnel). Sa belle-mère Camilla prétend maintenant que tous ces biens meubles lui appartiennent et elle intente une procédure devant l'instance compétente.</strong>
            <div> </div>
            <div>
              <strong>Devant quel juge ou tribunal va-t-elle intenter cette procédure ?</strong>
              <div> </div>
            </div>
          </prompt>
          <simpleChoice identifier="choice_1" fixed="false" showHide="show">Le tribunal de la famille.</simpleChoice>
          <simpleChoice identifier="choice_2" fixed="false" showHide="show">Le tribunal de l'insolvabilité.</simpleChoice>
          <simpleChoice identifier="choice_3" fixed="false" showHide="show">Le tribunal correctionnel.</simpleChoice>
          <simpleChoice identifier="choice_4" fixed="false" showHide="show">Le juge des saisies.</simpleChoice>
        </choiceInteraction>
      </div>
    </div>
  </itemBody>
  <responseProcessing template="http://www.imsglobal.org/question/qti_v2p2/rptemplates/map_response"/>
</assessmentItem>
