<?xml version="1.0" encoding="UTF-8"?>
<assessmentItem xmlns="http://www.imsglobal.org/xsd/imsqti_v2p2" xmlns:m="http://www.w3.org/1998/Math/MathML" xmlns:xsi="http://www.w3.org/2001/XMLSchema-instance" xsi:schemaLocation="http://www.imsglobal.org/xsd/imsqti_v2p2 http://www.imsglobal.org/xsd/qti/qtiv2p2/imsqti_v2p2.xsd" identifier="i6011423ba1e83975c19a3f96e48f662" title="Question 21" label="Question 21" xml:lang="fr-FR" adaptive="false" timeDependent="false" toolName="TAO" toolVersion="2022.11">
  <responseDeclaration identifier="RESPONSE" cardinality="multiple" baseType="identifier">
    <correctResponse>
      <value><![CDATA[choice_3]]></value>
    </correctResponse>
    <mapping defaultValue="0">
      <mapEntry mapKey="choice_1" mappedValue="-1"/>
      <mapEntry mapKey="choice_2" mappedValue="-1"/>
      <mapEntry mapKey="choice_3" mappedValue="3"/>
      <mapEntry mapKey="choice_4" mappedValue="-1"/>
    </mapping>
  </responseDeclaration>
  <outcomeDeclaration identifier="SCORE" cardinality="single" baseType="float" normalMaximum="3"/>
  <outcomeDeclaration identifier="MAXSCORE" cardinality="single" baseType="float">
    <defaultValue>
      <value>3</value>
    </defaultValue>
  </outcomeDeclaration>
  <itemBody>
    <div class="grid-row">
      <div class="col-12">
        <p> </p>
        <p>
          <strong>Imaginons qu'en tant que gestionnaire de dossiers d'un Team recouvrement, vous examiniez le dossier de recouvrement de la Société à responsabilité limitée 'Wild West' (SRL Wild West). </strong>
        </p>
        <p>
          <strong>Le dossier indique que :</strong>
        </p>
        <ul>
          <li>
            <strong>vous devez entamer une procédure de saisie de bien immobilier</strong>
          </li>
          <li>
            <strong>vous avez déjà pris auparavant une inscription hypothécaire pour les dettes de la SRL 'Wild West' et il n'y a pas d'autres inscriptions hypothécaires (par d'autres créanciers) </strong>
          </li>
          <li>
            <strong>le bien immobilier concerné est entièrement saisissable (donc pas non plus de déclaration d'insaisissabilité) </strong>
          </li>
          <li>
            <strong>ce n'est pas un cas pour lequel vous devez demander l'autorisation au directeur régional pour pouvoir effectuer la saisie.</strong>
          </li>
        </ul>
        <p>
          <strong>Comment obtiendrez-vous ensuite les extraits cadastraux nécessaires ?</strong>
        </p>
      </div>
    </div>
    <div class="grid-row">
      <div class="col-12">
        <choiceInteraction responseIdentifier="RESPONSE" shuffle="true" maxChoices="1" minChoices="0" orientation="vertical">
          <simpleChoice identifier="choice_1" fixed="false" showHide="show">Les rechercher et les imprimer vous-même via POW.</simpleChoice>
          <simpleChoice identifier="choice_2" fixed="false" showHide="show">Les rechercher et les imprimer vous-même via STIPAD.</simpleChoice>
          <simpleChoice identifier="choice_3" fixed="false" showHide="show">Les demander via un formulaire de demande spécifique par e-mail aux services compétents de l'Administration générale de la Documentation patrimoniale.</simpleChoice>
          <simpleChoice identifier="choice_4" fixed="false" showHide="show">Les demander via une application web spécifique payante de MyMinfin Fonctionnaire.</simpleChoice>
        </choiceInteraction>
      </div>
    </div>
  </itemBody>
  <responseProcessing template="http://www.imsglobal.org/question/qti_v2p2/rptemplates/map_response"/>
</assessmentItem>
