<?xml version="1.0" encoding="UTF-8"?>
<assessmentItem xmlns="http://www.imsglobal.org/xsd/imsqti_v2p2" xmlns:m="http://www.w3.org/1998/Math/MathML" xmlns:xsi="http://www.w3.org/2001/XMLSchema-instance" xsi:schemaLocation="http://www.imsglobal.org/xsd/imsqti_v2p2 http://www.imsglobal.org/xsd/qti/qtiv2p2/imsqti_v2p2.xsd" identifier="i6011423ba1e83975c19a3f96e48f662" title="Question 15" label="Question 15" xml:lang="fr-FR" adaptive="false" timeDependent="false" toolName="TAO" toolVersion="2022.11">
  <responseDeclaration identifier="RESPONSE" cardinality="multiple" baseType="identifier">
    <correctResponse>
      <value><![CDATA[choice_4]]></value>
    </correctResponse>
    <mapping defaultValue="0">
      <mapEntry mapKey="choice_1" mappedValue="-1"/>
      <mapEntry mapKey="choice_2" mappedValue="-1"/>
      <mapEntry mapKey="choice_3" mappedValue="-1"/>
      <mapEntry mapKey="choice_4" mappedValue="3"/>
    </mapping>
  </responseDeclaration>
  <outcomeDeclaration identifier="SCORE" cardinality="single" baseType="float" normalMaximum="3"/>
  <outcomeDeclaration identifier="MAXSCORE" cardinality="single" baseType="float">
    <defaultValue>
      <value>3</value>
    </defaultValue>
  </outcomeDeclaration>
  <itemBody>
    <div class="grid-row">
      <div class="col-12">
        <choiceInteraction responseIdentifier="RESPONSE" shuffle="true" maxChoices="1" minChoices="0" orientation="vertical">
          <prompt>
            <div> </div>
            <strong>Imaginons qu'en tant que gestionnaire de dossiers d'un Team recouvrement, vous soyez contacté par Cora dont vous avez récemment (au 17/10/2022) saisi le compte bancaire pour le recouvrement d'une amende pénale. La totalité du solde de 2.345,67 EUR a été transférée par la banque à l'Administration générale de la Perception et du Recouvrement. Elle fait valoir que ce montant ne pouvait pas être transféré en totalité car le montant provient du versement de ses revenus (protégés), à savoir son dernier salaire, le 09/09/2022. </strong>
            <div> </div>
            <div>
              <strong>Pourquoi ce raisonnement est-il INCORRECT ?</strong>
              <div> </div>
            </div>
          </prompt>
          <simpleChoice identifier="choice_1" fixed="false" showHide="show">Les revenus perdent toute protection de par leur versement sur un compte à vue.</simpleChoice>
          <simpleChoice identifier="choice_2" fixed="false" showHide="show">Il n'y a pas de protection des revenus versés sur un compte à vue pour le recouvrement d'une amende pénale.</simpleChoice>
          <simpleChoice identifier="choice_3" fixed="false" showHide="show">Les montants versés sur le compte à vue ne peuvent être protégés qu'après l'intervention du juge des saisies.</simpleChoice>
          <simpleChoice identifier="choice_4" fixed="false" showHide="show">La protection des revenus déposés sur un compte à vue est uniquement valable pendant 30 jours.</simpleChoice>
        </choiceInteraction>
      </div>
    </div>
  </itemBody>
  <responseProcessing template="http://www.imsglobal.org/question/qti_v2p2/rptemplates/map_response"/>
</assessmentItem>
