<?xml version="1.0" encoding="UTF-8"?>
<assessmentItem xmlns="http://www.imsglobal.org/xsd/imsqti_v2p2" xmlns:m="http://www.w3.org/1998/Math/MathML" xmlns:xsi="http://www.w3.org/2001/XMLSchema-instance" xsi:schemaLocation="http://www.imsglobal.org/xsd/imsqti_v2p2 http://www.imsglobal.org/xsd/qti/qtiv2p2/imsqti_v2p2.xsd" identifier="i6011423ba1e83975c19a3f96e48f662" title="Question 01" label="Question 01" xml:lang="fr-FR" adaptive="false" timeDependent="false" toolName="TAO" toolVersion="2022.11">
  <responseDeclaration identifier="RESPONSE" cardinality="multiple" baseType="identifier">
    <correctResponse>
      <value><![CDATA[choice_2]]></value>
    </correctResponse>
    <mapping defaultValue="0">
      <mapEntry mapKey="choice_1" mappedValue="-1"/>
      <mapEntry mapKey="choice_2" mappedValue="3"/>
      <mapEntry mapKey="choice_3" mappedValue="-1"/>
      <mapEntry mapKey="choice_4" mappedValue="-1"/>
    </mapping>
  </responseDeclaration>
  <outcomeDeclaration identifier="SCORE" cardinality="single" baseType="float" normalMaximum="3"/>
  <outcomeDeclaration identifier="MAXSCORE" cardinality="single" baseType="float">
    <defaultValue>
      <value>3</value>
    </defaultValue>
  </outcomeDeclaration>
  <itemBody>
    <div class="grid-row">
      <div class="col-12">
        <choiceInteraction responseIdentifier="RESPONSE" shuffle="true" maxChoices="1" minChoices="0" orientation="vertical">
          <prompt>
            <div> </div>
            <strong>L'article 10 du Code du recouvrement amiable et forcé des créances fiscales et non fiscales (CRAF) détermine la portée du recouvrement à charge des conjoints. </strong>
            <div> </div>
            <div>
              <strong>À quelles natures de dette l'article 10 CRAF est-il applicable ?</strong>
              <div> </div>
            </div>
          </prompt>
          <simpleChoice identifier="choice_1" fixed="false" showHide="show">À toutes les natures de dette qui tombent dans le champ d'application du CRAF.</simpleChoice>
          <simpleChoice identifier="choice_2" fixed="false" showHide="show">Uniquement aux impôts sur les revenus, aux précomptes et aux taxes assimilées aux impôts sur les revenus.</simpleChoice>
          <simpleChoice identifier="choice_3" fixed="false" showHide="show">Uniquement aux impôts sur les revenus.</simpleChoice>
          <simpleChoice identifier="choice_4" fixed="false" showHide="show">Uniquement aux impôts sur les revenus, aux droits de mise au rôle et aux autres créances non fiscales.</simpleChoice>
        </choiceInteraction>
      </div>
    </div>
  </itemBody>
  <responseProcessing template="http://www.imsglobal.org/question/qti_v2p2/rptemplates/map_response"/>
</assessmentItem>
