<?xml version="1.0" encoding="UTF-8"?>
<assessmentItem xmlns="http://www.imsglobal.org/xsd/imsqti_v2p2" xmlns:m="http://www.w3.org/1998/Math/MathML" xmlns:xsi="http://www.w3.org/2001/XMLSchema-instance" xsi:schemaLocation="http://www.imsglobal.org/xsd/imsqti_v2p2 http://www.imsglobal.org/xsd/qti/qtiv2p2/imsqti_v2p2.xsd" identifier="i6011423ba1e83975c19a3f96e48f662" title="Question 29" label="Question 29" xml:lang="fr-FR" adaptive="false" timeDependent="false" toolName="TAO" toolVersion="2022.11">
  <responseDeclaration identifier="RESPONSE" cardinality="multiple" baseType="identifier">
    <correctResponse>
      <value><![CDATA[choice_2]]></value>
    </correctResponse>
    <mapping defaultValue="0">
      <mapEntry mapKey="choice_1" mappedValue="-1"/>
      <mapEntry mapKey="choice_2" mappedValue="3"/>
      <mapEntry mapKey="choice_3" mappedValue="-1"/>
      <mapEntry mapKey="choice_4" mappedValue="-1"/>
    </mapping>
  </responseDeclaration>
  <outcomeDeclaration identifier="SCORE" cardinality="single" baseType="float" normalMaximum="3"/>
  <outcomeDeclaration identifier="MAXSCORE" cardinality="single" baseType="float">
    <defaultValue>
      <value>3</value>
    </defaultValue>
  </outcomeDeclaration>
  <itemBody>
    <div class="grid-row">
      <div class="col-12">
        <choiceInteraction responseIdentifier="RESPONSE" shuffle="true" maxChoices="1" minChoices="0" orientation="vertical">
          <prompt>
            <div> </div>
            <strong>Quelle affirmation concernant le délai de prescription des autres créances non fiscales (en abrégé ACNF) après leur reprise en 2022 dans un registre de perception et recouvrement est correcte ?</strong>
            <div> </div>
          </prompt>
          <simpleChoice identifier="choice_1" fixed="false" showHide="show">Après leur reprise dans un registre de perception et recouvrement, le délai de prescription des ACNF est régi par les dispositions du Code civil qui leur sont propres et diffère donc selon l'ACNF concernée.</simpleChoice>
          <simpleChoice identifier="choice_2" fixed="false" showHide="show">Après leur reprise dans un registre de perception et recouvrement, le délai de prescription des ACNF est de 5 ans à partir de la date d'exécutoire du registre de perception et recouvrement.</simpleChoice>
          <simpleChoice identifier="choice_3" fixed="false" showHide="show">Après leur reprise dans un registre de perception et recouvrement, le délai de prescription des ACNF est de 3 ans à partir de la date d'exécutoire du registre de perception et recouvrement.</simpleChoice>
          <simpleChoice identifier="choice_4" fixed="false" showHide="show">Après leur reprise dans un registre de perception et recouvrement, le délai de prescription des ACNF est de 10 ans à partir de la date d'exécutoire du registre de perception et recouvrement.</simpleChoice>
        </choiceInteraction>
      </div>
    </div>
  </itemBody>
  <responseProcessing template="http://www.imsglobal.org/question/qti_v2p2/rptemplates/map_response"/>
</assessmentItem>
