<?xml version="1.0" encoding="UTF-8"?>
<assessmentItem xmlns="http://www.imsglobal.org/xsd/imsqti_v2p2" xmlns:xi="http://www.w3.org/2001/XInclude" xmlns:xsi="http://www.w3.org/2001/XMLSchema-instance" xsi:schemaLocation="http://www.imsglobal.org/xsd/imsqti_v2p2 http://www.imsglobal.org/xsd/qti/qtiv2p2/imsqti_v2p2.xsd" identifier="i62062489e3966956617095762de719031" title="Calculatrice" label="Calculatrice " xml:lang="fr-FR" adaptive="false" timeDependent="false" toolName="TAO" toolVersion="3.4.0-sprint156">
  <stylesheet href="styles/style.css" type="text/css" media="all" title=""/>
  <stylesheet href="style/custom/tao-user-styles.css" type="text/css" media="all" title=""/>
  <itemBody>
    <div class="grid-row">
      <div class="col-12">
        <h3>
          <span class="txt-underline">
            <strong>Instructions concernant la calculatrice</strong>
          </span>
        </h3>
        <p> </p>
        <p>
          <span class="bosa-style-color-elephant">Une calculatrice est mise à votre disposition. Vous pouvez l'activer en cliquant sur l'icône correspondante dans la barre d'outils :</span>
        </p>
        <p>
          <img src="getFile.png" alt="getFile" width="71%" type="image/png"/>
        </p>
        <p> </p>
        <p>La calculatrice apparaît alors sur le côté gauche de l'écran. En cliquant avec la souris sur les chiffres et les symboles, vous pouvez effectuer les calculs nécessaires.</p>
        <p> </p>
        <p>
          <img src="assets/958982845f364ed288165.png" alt="rekenmachine uit.png" width="30%" type="image/png"/>
        </p>
        <p> </p>
        <p>Vous pouvez fermer la calculatrice en cliquant sur la croix dans le coin supérieur droit ou en cliquant à nouveau sur l'icône correspondante dans la barre d'outils.</p>
        <p> </p>
        <p>Dès que vous passez à la question suivante, la calculatrice disparaît automatiquement. Vous devez donc l'activer à chaque question.</p>
      </div>
    </div>
    <div class="grid-row">
      <div class="col-12">
        <p> </p>
        <p>
          <em>
            <span class="bosa-style-color-elephant">Cliquez sur "Suivant" pour accéder à la suite des instructions.</span>
          </em>
        </p>
      </div>
    </div>
  </itemBody>
  <responseProcessing/>
</assessmentItem>
