<?xml version="1.0" encoding="UTF-8"?>
<assessmentItem xmlns="http://www.imsglobal.org/xsd/imsqti_v2p2" xmlns:m="http://www.w3.org/1998/Math/MathML" xmlns:xsi="http://www.w3.org/2001/XMLSchema-instance" xsi:schemaLocation="http://www.imsglobal.org/xsd/imsqti_v2p2 http://www.imsglobal.org/xsd/qti/qtiv2p2/imsqti_v2p2.xsd" identifier="i6011423ba1e83975c19a3f96e48f662" title="Question 32" label="Question 32" xml:lang="fr-FR" adaptive="false" timeDependent="false" toolName="TAO" toolVersion="2022.11">
  <responseDeclaration identifier="RESPONSE" cardinality="multiple" baseType="identifier">
    <correctResponse>
      <value><![CDATA[choice_4]]></value>
    </correctResponse>
    <mapping defaultValue="0">
      <mapEntry mapKey="choice_1" mappedValue="-1"/>
      <mapEntry mapKey="choice_2" mappedValue="-1"/>
      <mapEntry mapKey="choice_3" mappedValue="-1"/>
      <mapEntry mapKey="choice_4" mappedValue="3"/>
    </mapping>
  </responseDeclaration>
  <outcomeDeclaration identifier="SCORE" cardinality="single" baseType="float" normalMaximum="3"/>
  <outcomeDeclaration identifier="MAXSCORE" cardinality="single" baseType="float">
    <defaultValue>
      <value>3</value>
    </defaultValue>
  </outcomeDeclaration>
  <itemBody>
    <div class="grid-row">
      <div class="col-12">
        <choiceInteraction responseIdentifier="RESPONSE" shuffle="true" maxChoices="1" minChoices="0" orientation="vertical">
          <prompt>
            <div> </div>
            <strong>Pour laquelle des créances suivantes n'y a-t-il AUCUNE possibilité d'interrompre le délai de prescription par une mise en demeure recommandée ou une sommation de payer recommandée ?</strong>
            <div> </div>
          </prompt>
          <simpleChoice identifier="choice_1" fixed="false" showHide="show">Une confiscation qui a été prononcée par jugement du 10/10/2021.</simpleChoice>
          <simpleChoice identifier="choice_2" fixed="false" showHide="show">Une cotisation d'impôt des personnes physiques qui a été déclarée exécutoire le 01/04/2019.</simpleChoice>
          <simpleChoice identifier="choice_3" fixed="false" showHide="show">Une dette TVA ouverte qui a été reprise dans un registre de perception et recouvrement en 2022.</simpleChoice>
          <simpleChoice identifier="choice_4" fixed="false" showHide="show">Une amende pénale pour laquelle la condamnation a été prononcée en 2019.</simpleChoice>
        </choiceInteraction>
      </div>
    </div>
  </itemBody>
  <responseProcessing template="http://www.imsglobal.org/question/qti_v2p2/rptemplates/map_response"/>
</assessmentItem>
